feedback_id,date,feedback,source,sentiment,sentiment_confidence,emotion,topics,keywords,cleaned_text,sentiment_score,aspect_sentiments
FB0001,2026-02-06,The library is great but the Wi-Fi is terrible.,Uploaded CSV,Mixed,0.9956,Concern,"[""Wi-Fi"", ""Library""]","[""wi-fi"", ""library""]",The library is great but the Wi-Fi is terrible.,0.9956,"[{""aspect"": ""Library"", ""sentiment"": ""Positive""}, {""aspect"": ""Wi-Fi"", ""sentiment"": ""Negative""}]"
FB0002,2026-07-24,Food is good but the prices are too high.,Uploaded CSV,Negative,0.9896,Frustration,"[""Prices"", ""Food""]","[""prices"", ""high"", ""food""]",Food is good but the prices are too high.,0.9896,"[{""aspect"": ""Food"", ""sentiment"": ""Positive""}, {""aspect"": ""Prices"", ""sentiment"": ""Negative""}]"
FB0003,2026-06-12,"Faculty is helpful, however lectures are too fast.",Uploaded CSV,Negative,0.9938,Frustration,"[""However Lectures"", ""Faculty""]","[""however lectures"", ""faculty""]","Faculty is helpful, however lectures are too fast.",0.9938,"[{""aspect"": ""Faculty Helpful"", ""sentiment"": ""Positive""}, {""aspect"": ""Lectures Fast"", ""sentiment"": ""Negative""}]"
FB0004,2026-08-10,The campus looks clean but washrooms need maintenance.,Uploaded CSV,Negative,0.9809,Frustration,"[""Washrooms"", ""Campus""]","[""washrooms"", ""maintenance"", ""campus"", ""clean""]",The campus looks clean but washrooms need maintenance.,0.9809,"[{""aspect"": ""Campus Looks"", ""sentiment"": ""Positive""}, {""aspect"": ""Washrooms"", ""sentiment"": ""Negative""}]"
FB0005,2026-09-11,Placement companies are good but communication is painfully slow.,Uploaded CSV,Mixed,0.9991,Concern,"[""Placement Companies"", ""Communication""]","[""placement companies"", ""communication"", ""slow""]",Placement companies are good but communication is painfully slow.,0.9991,"[{""aspect"": ""Placement Companies"", ""sentiment"": ""Positive""}, {""aspect"": ""Communication Painfully"", ""sentiment"": ""Negative""}]"
FB0006,2026-07-24,"Not bad, but definitely not great either.",Uploaded CSV,Mixed,0.9979,Concern,"[""Definitely"", ""Either""]","[""definitely"", ""either""]","Not bad, but definitely not great either.",0.9979,"[{""aspect"": ""Definitely Either"", ""sentiment"": ""Negative""}]"
FB0007,2026-07-24,"I don't think the new system is bad, it's just confusing.",Uploaded CSV,Negative,0.9829,Frustration,"[""Don'T Think"", ""New System""]","[""it's just confusing"", ""don't think"", ""new system""]","I don't think the new system is bad, it's just confusing.",0.9829,"[{""aspect"": ""Don'T Think"", ""sentiment"": ""Negative""}]"
FB0008,2026-09-17,No complaints about the library :),Uploaded CSV,Positive,0.9614,Satisfaction,"[""Complaints About"", ""Library""]","[""complaints about"", ""library""]",No complaints about the library :),0.9614,"[{""aspect"": ""Complaints About"", ""sentiment"": ""Positive""}]"
FB0009,2026-09-01,"Not enough working PCs, so practicals get delayed.",Uploaded CSV,Negative,0.9994,Frustration,"[""Delayed"", ""Practicals""]","[""delayed"", ""practicals"", ""pcs""]","Not enough working PCs, so practicals get delayed.",0.9994,"[{""aspect"": ""Working Pcs Practicals Get Delayed"", ""sentiment"": ""Negative""}]"
FB0010,2026-09-26,The Wi-Fi isn't terrible anymore; much better than last month 👍,Uploaded CSV,Mixed,0.9388,Concern,"[""Than Last Month"", ""Wi-Fi Isn'T""]","[""than last month"", ""wi-fi isn't"", ""anymore""]",The Wi-Fi isn't terrible anymore; much better than last month 👍,0.9388,"[{""aspect"": ""Wi-Fi Isn'T"", ""sentiment"": ""Negative""}, {""aspect"": ""Much Than"", ""sentiment"": ""Positive""}]"
FB0011,2026-07-24,wifi bahuttt slow hai but canteen ka food mast tha 😭,Uploaded CSV,Negative,0.989,Frustration,"[""Ka Food Mast"", ""Food Mast Tha""]","[""wifi bahuttt slow"", ""ka food mast"", ""food mast tha"", ""canteen ka food""]",wifi bahuttt slow hai but canteen ka food mast tha 😭,0.989,"[{""aspect"": ""Wifi Bahuttt"", ""sentiment"": ""Negative""}, {""aspect"": ""Canteen Ka"", ""sentiment"": ""Negative""}]"
FB0012,2026-06-05,okay,Uploaded CSV,Neutral,0.5,Neutral,[],[],okay,0.5,[]
FB0013,2026-09-18,bad,Uploaded CSV,Negative,0.9998,Frustration,[],[],bad,0.9998,[]
FB0014,2026-07-28,good,Uploaded CSV,Positive,0.9998,Satisfaction,[],[],good,0.9998,[]
FB0015,2026-06-26,:(,Uploaded CSV,Negative,0.794,Frustration,[],[],:(,0.794,[]
FB0016,2026-07-24,👍,Uploaded CSV,Negative,0.6971,Frustration,[],[],👍,0.6971,[]
FB0017,2026-08-07,idk... maybe improve the timings?,Uploaded CSV,Negative,0.9992,Frustration,"[""Maybe"", ""Timings""]","[""maybe"", ""timings""]",idk... maybe improve the timings?,0.9992,"[{""aspect"": ""Maybe Improve"", ""sentiment"": ""Negative""}]"
FB0018,2026-09-27,tbh the service was actually GREAT!!!,Uploaded CSV,Positive,0.9997,Satisfaction,"[""Service""]","[""service""]",tbh the service was actually GREAT!!!,0.9997,"[{""aspect"": ""Service"", ""sentiment"": ""Positive""}]"
FB0019,2026-09-07,"classes are okay, nothing special",Uploaded CSV,Negative,0.9397,Frustration,"[""Nothing Special"", ""Classes""]","[""nothing special"", ""classes""]","classes are okay, nothing special",0.9397,"[{""aspect"": ""Classes Nothing"", ""sentiment"": ""Negative""}]"
FB0020,2026-09-11,internet keeps disconnecting every few mins,Uploaded CSV,Negative,0.998,Frustration,"[""Disconnecting Every"", ""Internet""]","[""disconnecting every"", ""internet"", ""mins""]",internet keeps disconnecting every few mins,0.998,"[{""aspect"": ""Internet Keeps"", ""sentiment"": ""Negative""}]"
FB0021,2026-07-24,washroom  cleaning is much better now,Uploaded CSV,Positive,0.9696,Satisfaction,"[""Washroom Cleaning"", ""Now""]","[""washroom cleaning"", ""now""]",washroom cleaning is much better now,0.9696,"[{""aspect"": ""Washroom Cleaning"", ""sentiment"": ""Positive""}]"
FB0022,2026-07-24,fans are too slow in the afternoon,Uploaded CSV,Negative,0.9974,Frustration,"[""Fans"", ""Afternoon""]","[""fans"", ""afternoon"", ""slow""]",fans are too slow in the afternoon,0.9974,"[{""aspect"": ""Fans"", ""sentiment"": ""Negative""}]"
FB0023,2026-09-04,admin  replies very late,Uploaded CSV,Negative,0.9977,Frustration,"[""Admin Replies""]","[""admin replies"", ""late""]",admin replies very late,0.9977,"[{""aspect"": ""Admin Replies"", ""sentiment"": ""Negative""}]"
FB0024,2026-09-22,PCs are fine now 👍,Uploaded CSV,Positive,0.9981,Satisfaction,"[""Now"", ""Pcs""]","[""now"", ""pcs""]",PCs are fine now 👍,0.9981,"[{""aspect"": ""Pcs Now"", ""sentiment"": ""Positive""}]"
FB0025,2026-08-04,companies  were actually good this year,Uploaded CSV,Positive,0.9999,Satisfaction,"[""Year"", ""Companies""]","[""year"", ""companies""]",companies were actually good this year,0.9999,"[{""aspect"": ""Companies Year"", ""sentiment"": ""Positive""}]"
FB0026,2026-07-24,too many last minute changes,Uploaded CSV,Negative,0.998,Frustration,"[""Last Minute Changes""]","[""last minute changes""]",too many last minute changes,0.998,"[{""aspect"": ""Last Minute Changes"", ""sentiment"": ""Negative""}]"
FB0027,2026-10-08,Love the library :) but there are hardly any seats,Uploaded CSV,Mixed,0.99,Concern,"[""Hardly Any Seats"", ""Love""]","[""hardly any seats"", ""love"", ""there"", ""library""]",Love the library :) but there are hardly any seats,0.99,"[{""aspect"": ""Love Library"", ""sentiment"": ""Positive""}, {""aspect"": ""There Hardly"", ""sentiment"": ""Neutral""}]"
FB0028,2026-07-19,not enough interview rooms,Uploaded CSV,Negative,0.9994,Frustration,"[""Interview Rooms""]","[""interview rooms""]",not enough interview rooms,0.9994,"[{""aspect"": ""Interview Rooms"", ""sentiment"": ""Negative""}]"
FB0029,2026-08-26,documents  were processed quickly :),Uploaded CSV,Negative,0.9885,Frustration,"[""Processed Quickly"", ""Documents""]","[""processed quickly"", ""documents""]",documents were processed quickly :),0.9885,"[{""aspect"": ""Documents Processed"", ""sentiment"": ""Negative""}]"
FB0030,2026-09-04,library staff is helpful,Uploaded CSV,Positive,0.9997,Joy,"[""Library Staff""]","[""library staff""]",library staff is helpful,0.9997,"[{""aspect"": ""Library Staff"", ""sentiment"": ""Positive""}]"
FB0031,2026-07-25,lab bahut crowded hai during practicals,Uploaded CSV,Negative,0.9913,Frustration,"[""Lab Bahut Crowded"", ""Practicals""]","[""lab bahut crowded"", ""practicals""]",lab bahut crowded hai during practicals,0.9913,"[{""aspect"": ""Lab Bahut"", ""sentiment"": ""Negative""}]"
FB0032,2026-01-05,lab is good but half the machines are dead,Uploaded CSV,Mixed,0.9944,Concern,"[""Half"", ""Machines""]","[""half"", ""machines"", ""dead"", ""lab""]",lab is good but half the machines are dead,0.9944,"[{""aspect"": ""Lab"", ""sentiment"": ""Positive""}, {""aspect"": ""Half Machines"", ""sentiment"": ""Negative""}]"
FB0033,2026-08-04,software installation takes forever,Uploaded CSV,Negative,0.9462,Frustration,"[""Software Installation Takes"", ""Installation Takes Forever""]","[""software installation takes"", ""installation takes forever""]",software installation takes forever,0.9462,"[{""aspect"": ""Software Installation"", ""sentiment"": ""Negative""}]"
FB0034,2026-08-03,library staff is helpful tbh,Uploaded CSV,Positive,0.9875,Joy,"[""Library Staff""]","[""library staff""]",library staff is helpful tbh,0.9875,"[{""aspect"": ""Library Staff"", ""sentiment"": ""Positive""}]"
FB0035,2026-06-20,some teachers are helpful but lectures feel rushed,Uploaded CSV,Negative,0.997,Frustration,"[""Teachers"", ""Rushed""]","[""teachers"", ""rushed"", ""lectures""]",some teachers are helpful but lectures feel rushed,0.997,"[{""aspect"": ""Some Teachers"", ""sentiment"": ""Positive""}, {""aspect"": ""Lectures Feel"", ""sentiment"": ""Negative""}]"
FB0036,2026-07-25,WiFi is not good after 6pm :(,Uploaded CSV,Negative,0.9997,Frustration,"[""After 6Pm"", ""Wi-Fi""]","[""after 6pm"", ""wifi""]",WiFi is not good after 6pm :(,0.9997,"[{""aspect"": ""Wifi After"", ""sentiment"": ""Negative""}]"
FB0037,2026-07-25,new  classrooms are really good!,Uploaded CSV,Positive,0.9999,Satisfaction,"[""New Classrooms""]","[""new classrooms""]",new classrooms are really good!,0.9999,"[{""aspect"": ""New Classrooms"", ""sentiment"": ""Positive""}]"
FB0038,2026-09-13,library is great but closes too early,Uploaded CSV,Negative,0.9929,Frustration,"[""Library""]","[""early"", ""library""]",library is great but closes too early,0.9929,"[{""aspect"": ""Library"", ""sentiment"": ""Positive""}, {""aspect"": ""Closes Early"", ""sentiment"": ""Negative""}]"
FB0039,2026-06-16,"books are good, but the AC is too cold",Uploaded CSV,Mixed,0.9972,Concern,"[""Books"", ""Ac""]","[""books"", ""ac"", ""cold""]","books are good, but the AC is too cold",0.9972,"[{""aspect"": ""Books"", ""sentiment"": ""Positive""}, {""aspect"": ""Ac Cold"", ""sentiment"": ""Negative""}]"
FB0040,2026-08-06,documents were processed quickly :),Uploaded CSV,Negative,0.9885,Frustration,"[""Processed Quickly"", ""Documents""]","[""processed quickly"", ""documents""]",documents were processed quickly :),0.9885,"[{""aspect"": ""Documents Processed"", ""sentiment"": ""Negative""}]"
FB0041,2026-05-08,placement process is confusing,Uploaded CSV,Negative,0.9992,Frustration,"[""Placement Process""]","[""placement process"", ""confusing""]",placement process is confusing,0.9992,"[{""aspect"": ""Placement Process"", ""sentiment"": ""Negative""}]"
FB0042,2026-07-25,sir was really good!!!,Uploaded CSV,Positive,0.9999,Satisfaction,"[""Sir""]","[""sir""]",sir was really good!!!,0.9999,"[{""aspect"": ""Sir"", ""sentiment"": ""Positive""}]"
FB0043,2026-07-28,parking is a mess during peak hours,Uploaded CSV,Negative,0.9998,Frustration,"[""Peak Hours"", ""Parking""]","[""peak hours"", ""parking"", ""mess""]",parking is a mess during peak hours,0.9998,"[{""aspect"": ""Parking Mess"", ""sentiment"": ""Negative""}]"
FB0044,2026-06-02,Love  the  library :) but there are hardly any seats,Uploaded CSV,Mixed,0.99,Concern,"[""Hardly Any Seats"", ""Love""]","[""hardly any seats"", ""love"", ""there"", ""library""]",Love the library :) but there are hardly any seats,0.99,"[{""aspect"": ""Love Library"", ""sentiment"": ""Positive""}, {""aspect"": ""There Hardly"", ""sentiment"": ""Neutral""}]"
FB0045,2026-08-29,professor doesnt explain doubts properly,Uploaded CSV,Negative,0.9997,Frustration,"[""Explain Doubts Properly"", ""Professor""]","[""explain doubts properly"", ""professor""]",professor doesnt explain doubts properly,0.9997,"[{""aspect"": ""Professor Doesnt"", ""sentiment"": ""Negative""}]"
FB0046,2026-05-05,internet keeps disconnecting every few mins,Uploaded CSV,Negative,0.998,Frustration,"[""Disconnecting Every"", ""Internet""]","[""disconnecting every"", ""internet"", ""mins""]",internet keeps disconnecting every few mins,0.998,"[{""aspect"": ""Internet Keeps"", ""sentiment"": ""Negative""}]"
FB0047,2026-07-25,lift doesnt work sometimes 👍,Uploaded CSV,Negative,0.9874,Frustration,"[""Lift""]","[""lift""]",lift doesnt work sometimes 👍,0.9874,"[{""aspect"": ""Lift"", ""sentiment"": ""Negative""}]"
FB0048,2026-09-01,admin replies very late,Uploaded CSV,Negative,0.9977,Frustration,"[""Admin Replies""]","[""admin replies"", ""late""]",admin replies very late,0.9977,"[{""aspect"": ""Admin Replies"", ""sentiment"": ""Negative""}]"
FB0049,2026-09-11,admin replies very late,Uploaded CSV,Negative,0.9977,Frustration,"[""Admin Replies""]","[""admin replies"", ""late""]",admin replies very late,0.9977,"[{""aspect"": ""Admin Replies"", ""sentiment"": ""Negative""}]"
FB0050,2026-08-23,placement process is confusing,Uploaded CSV,Negative,0.9992,Frustration,"[""Placement Process""]","[""placement process"", ""confusing""]",placement process is confusing,0.9992,"[{""aspect"": ""Placement Process"", ""sentiment"": ""Negative""}]"
FB0051,2026-07-25,companies were actually good this year,Uploaded CSV,Positive,0.9999,Satisfaction,"[""Year"", ""Companies""]","[""year"", ""companies""]",companies were actually good this year,0.9999,"[{""aspect"": ""Companies Year"", ""sentiment"": ""Positive""}]"
FB0052,2026-02-08,wifi barely works in block B,Uploaded CSV,Negative,0.9994,Frustration,"[""Block"", ""Wi-Fi""]","[""wifi barely"", ""block""]",wifi barely works in block B,0.9994,"[{""aspect"": ""Wifi"", ""sentiment"": ""Negative""}]"
FB0053,2026-08-08,lift  doesnt work sometimes,Uploaded CSV,Negative,0.9955,Frustration,"[""Lift""]","[""lift""]",lift doesnt work sometimes,0.9955,"[{""aspect"": ""Lift"", ""sentiment"": ""Negative""}]"
FB0054,2026-07-29,admin replies very late,Uploaded CSV,Negative,0.9977,Frustration,"[""Admin Replies""]","[""admin replies"", ""late""]",admin replies very late,0.9977,"[{""aspect"": ""Admin Replies"", ""sentiment"": ""Negative""}]"
FB0055,2026-06-06,faculty explains concepts really well :),Uploaded CSV,Positive,0.9993,Satisfaction,"[""Faculty Explains Concepts""]","[""faculty explains concepts""]",faculty explains concepts really well :),0.9993,"[{""aspect"": ""Faculty Explains"", ""sentiment"": ""Positive""}]"
FB0056,2026-07-26,wifi barely works in block B,Uploaded CSV,Negative,0.9994,Frustration,"[""Block"", ""Wi-Fi""]","[""wifi barely"", ""block""]",wifi barely works in block B,0.9994,"[{""aspect"": ""Wifi"", ""sentiment"": ""Negative""}]"
FB0057,2026-07-26,some teachers are helpful but lectures feel rushed,Uploaded CSV,Negative,0.997,Frustration,"[""Teachers"", ""Rushed""]","[""teachers"", ""rushed"", ""lectures""]",some teachers are helpful but lectures feel rushed,0.997,"[{""aspect"": ""Some Teachers"", ""sentiment"": ""Positive""}, {""aspect"": ""Lectures Feel"", ""sentiment"": ""Negative""}]"
FB0058,2026-06-01,placement updates are very late tbh,Uploaded CSV,Negative,0.9989,Frustration,"[""Placement Updates""]","[""placement updates"", ""late""]",placement updates are very late tbh,0.9989,"[{""aspect"": ""Placement Updates"", ""sentiment"": ""Negative""}]"
FB0059,2026-09-08,companies were actually good this year,Uploaded CSV,Positive,0.9999,Satisfaction,"[""Year"", ""Companies""]","[""year"", ""companies""]",companies were actually good this year,0.9999,"[{""aspect"": ""Companies Year"", ""sentiment"": ""Positive""}]"
FB0060,2026-06-19,registration process is confusing,Uploaded CSV,Negative,0.9992,Frustration,"[""Registration Process""]","[""registration process"", ""confusing""]",registration process is confusing,0.9992,"[{""aspect"": ""Registration Process"", ""sentiment"": ""Negative""}]"
FB0061,2026-07-26,sir  was really good!!!,Uploaded CSV,Positive,0.9999,Satisfaction,"[""Sir""]","[""sir""]",sir was really good!!!,0.9999,"[{""aspect"": ""Sir"", ""sentiment"": ""Positive""}]"
FB0062,2026-07-26,WiFi is not good after 6pm :(,Uploaded CSV,Negative,0.9997,Frustration,"[""After 6Pm"", ""Wi-Fi""]","[""after 6pm"", ""wifi""]",WiFi is not good after 6pm :(,0.9997,"[{""aspect"": ""Wifi After"", ""sentiment"": ""Negative""}]"
FB0063,2026-08-07,documents were processed quickly :),Uploaded CSV,Negative,0.9885,Frustration,"[""Processed Quickly"", ""Documents""]","[""processed quickly"", ""documents""]",documents were processed quickly :),0.9885,"[{""aspect"": ""Documents Processed"", ""sentiment"": ""Negative""}]"
FB0064,2026-06-10,canteen food is bad :(,Uploaded CSV,Negative,0.9997,Frustration,"[""Canteen Food""]","[""canteen food""]",canteen food is bad :(,0.9997,"[{""aspect"": ""Canteen Food"", ""sentiment"": ""Negative""}]"
FB0065,2026-08-25,food is actually pretty good today!,Uploaded CSV,Positive,0.9999,Satisfaction,"[""Pretty"", ""Food""]","[""pretty"", ""food""]",food is actually pretty good today!,0.9999,"[{""aspect"": ""Food Pretty"", ""sentiment"": ""Positive""}]"
FB0066,2026-07-26,faculty is sooo goooddddd :D,Uploaded CSV,Negative,0.9941,Frustration,"[""Sooo Goooddddd"", ""Faculty""]","[""sooo goooddddd"", ""faculty""]",faculty is sooo goooddddd :D,0.9941,"[{""aspect"": ""Faculty Sooo"", ""sentiment"": ""Negative""}]"
FB0067,2026-07-26,teaching quality is actually great,Uploaded CSV,Positive,0.9999,Satisfaction,"[""Teaching Quality""]","[""teaching quality""]",teaching quality is actually great,0.9999,"[{""aspect"": ""Teaching Quality"", ""sentiment"": ""Positive""}]"
FB0068,2026-07-01,new  classrooms  are really good!,Uploaded CSV,Positive,0.9999,Satisfaction,"[""New Classrooms""]","[""new classrooms""]",new classrooms are really good!,0.9999,"[{""aspect"": ""New Classrooms"", ""sentiment"": ""Positive""}]"
FB0069,2026-08-21,lab is good but half the machines are dead,Uploaded CSV,Mixed,0.9944,Concern,"[""Half"", ""Machines""]","[""half"", ""machines"", ""dead"", ""lab""]",lab is good but half the machines are dead,0.9944,"[{""aspect"": ""Lab"", ""sentiment"": ""Positive""}, {""aspect"": ""Half Machines"", ""sentiment"": ""Negative""}]"
FB0070,2026-06-01,lab is good but half the machines are dead...,Uploaded CSV,Mixed,0.9928,Concern,"[""Half"", ""Machines""]","[""half"", ""machines"", ""dead"", ""lab""]",lab is good but half the machines are dead...,0.9928,"[{""aspect"": ""Lab"", ""sentiment"": ""Positive""}, {""aspect"": ""Half Machines"", ""sentiment"": ""Negative""}]"
FB0071,2026-07-26,documents were processed quickly :),Uploaded CSV,Negative,0.9885,Frustration,"[""Processed Quickly"", ""Documents""]","[""processed quickly"", ""documents""]",documents were processed quickly :),0.9885,"[{""aspect"": ""Documents Processed"", ""sentiment"": ""Negative""}]"
FB0072,2026-07-26,"books  are  good, but the AC is too cold",Uploaded CSV,Mixed,0.9972,Concern,"[""Books"", ""Ac""]","[""books"", ""ac"", ""cold""]","books are good, but the AC is too cold",0.9972,"[{""aspect"": ""Books"", ""sentiment"": ""Positive""}, {""aspect"": ""Ac Cold"", ""sentiment"": ""Negative""}]"
FB0073,2026-07-18,lift doesnt work sometimes,Uploaded CSV,Negative,0.9955,Frustration,"[""Lift""]","[""lift""]",lift doesnt work sometimes,0.9955,"[{""aspect"": ""Lift"", ""sentiment"": ""Negative""}]"
FB0074,2026-07-26,not enough working PCs,Uploaded CSV,Negative,0.9997,Frustration,"[""Pcs""]","[""pcs""]",not enough working PCs,0.9997,"[{""aspect"": ""Working Pcs"", ""sentiment"": ""Negative""}]"
FB0075,2026-06-13,campus wifi is actually decent,Uploaded CSV,Positive,0.9996,Satisfaction,"[""Campus Wifi""]","[""campus wifi""]",campus wifi is actually decent,0.9996,"[{""aspect"": ""Campus Wifi"", ""sentiment"": ""Positive""}]"
FB0076,2026-07-26,canteen is clean but food quality needs work,Uploaded CSV,Negative,0.9558,Frustration,"[""Food Quality"", ""Clean""]","[""food quality"", ""clean"", ""canteen""]",canteen is clean but food quality needs work,0.9558,"[{""aspect"": ""Canteen Clean"", ""sentiment"": ""Positive""}, {""aspect"": ""Food Quality"", ""sentiment"": ""Negative""}]"
FB0077,2026-07-26,canteen is clean but food quality needs work!!!,Uploaded CSV,Negative,0.9674,Frustration,"[""Food Quality"", ""Clean""]","[""food quality"", ""clean"", ""canteen""]",canteen is clean but food quality needs work!!!,0.9674,"[{""aspect"": ""Canteen Clean"", ""sentiment"": ""Positive""}, {""aspect"": ""Food Quality"", ""sentiment"": ""Negative""}]"
FB0078,2026-09-18,fans are too slow in the afternoon,Uploaded CSV,Negative,0.9974,Frustration,"[""Fans"", ""Afternoon""]","[""fans"", ""afternoon"", ""slow""]",fans are too slow in the afternoon,0.9974,"[{""aspect"": ""Fans"", ""sentiment"": ""Negative""}]"
FB0079,2026-06-11,software installation takes forever,Uploaded CSV,Negative,0.9462,Frustration,"[""Software Installation Takes"", ""Installation Takes Forever""]","[""software installation takes"", ""installation takes forever""]",software installation takes forever,0.9462,"[{""aspect"": ""Software Installation"", ""sentiment"": ""Negative""}]"
FB0080,2026-07-12,placements  look better this semester 👍,Uploaded CSV,Negative,0.9833,Frustration,"[""Placements"", ""Semester""]","[""placements"", ""semester""]",placements look better this semester 👍,0.9833,"[{""aspect"": ""Placements Look"", ""sentiment"": ""Negative""}]"
FB0081,2026-07-27,canteen is clean but food quality needs work,Uploaded CSV,Negative,0.9558,Frustration,"[""Food Quality"", ""Clean""]","[""food quality"", ""clean"", ""canteen""]",canteen is clean but food quality needs work,0.9558,"[{""aspect"": ""Canteen Clean"", ""sentiment"": ""Positive""}, {""aspect"": ""Food Quality"", ""sentiment"": ""Negative""}]"
FB0082,2026-10-05,not enough interview rooms,Uploaded CSV,Negative,0.9994,Frustration,"[""Interview Rooms""]","[""interview rooms""]",not enough interview rooms,0.9994,"[{""aspect"": ""Interview Rooms"", ""sentiment"": ""Negative""}]"
FB0083,2026-08-14,canteen food is bad :(,Uploaded CSV,Negative,0.9997,Frustration,"[""Canteen Food""]","[""canteen food""]",canteen food is bad :(,0.9997,"[{""aspect"": ""Canteen Food"", ""sentiment"": ""Negative""}]"
FB0084,2026-07-09,food quality has improved 👍,Uploaded CSV,Positive,0.9996,Joy,"[""Food Quality"", ""Improved""]","[""food quality"", ""improved""]",food quality has improved 👍,0.9996,"[{""aspect"": ""Food Quality"", ""sentiment"": ""Positive""}]"
FB0085,2026-06-26,washrooms need better maintenance,Uploaded CSV,Negative,0.9985,Frustration,"[""Washrooms""]","[""washrooms"", ""maintenance""]",washrooms need better maintenance,0.9985,"[{""aspect"": ""Washrooms"", ""sentiment"": ""Negative""}]"
FB0086,2026-11-07,faculty explains concepts really well :),Uploaded CSV,Positive,0.9993,Satisfaction,"[""Faculty Explains Concepts""]","[""faculty explains concepts""]",faculty explains concepts really well :),0.9993,"[{""aspect"": ""Faculty Explains"", ""sentiment"": ""Positive""}]"
FB0087,2026-07-27,not enough interview rooms,Uploaded CSV,Negative,0.9994,Frustration,"[""Interview Rooms""]","[""interview rooms""]",not enough interview rooms,0.9994,"[{""aspect"": ""Interview Rooms"", ""sentiment"": ""Negative""}]"
FB0088,2026-09-12,some teachers are helpful but lectures feel rushed,Uploaded CSV,Negative,0.997,Frustration,"[""Teachers"", ""Rushed""]","[""teachers"", ""rushed"", ""lectures""]",some teachers are helpful but lectures feel rushed,0.997,"[{""aspect"": ""Some Teachers"", ""sentiment"": ""Positive""}, {""aspect"": ""Lectures Feel"", ""sentiment"": ""Negative""}]"
FB0089,2026-09-02,food quality has improved 👍,Uploaded CSV,Positive,0.9996,Joy,"[""Food Quality"", ""Improved""]","[""food quality"", ""improved""]",food quality has improved 👍,0.9996,"[{""aspect"": ""Food Quality"", ""sentiment"": ""Positive""}]"
FB0090,2026-09-18,washroom cleaning is much better now,Uploaded CSV,Positive,0.9696,Satisfaction,"[""Washroom Cleaning"", ""Now""]","[""washroom cleaning"", ""now""]",washroom cleaning is much better now,0.9696,"[{""aspect"": ""Washroom Cleaning"", ""sentiment"": ""Positive""}]"
FB0091,2026-07-27,sir was really good!!!,Uploaded CSV,Positive,0.9999,Satisfaction,"[""Sir""]","[""sir""]",sir was really good!!!,0.9999,"[{""aspect"": ""Sir"", ""sentiment"": ""Positive""}]"
FB0092,2026-07-27,the library timings are not enough for evening study,Uploaded CSV,Negative,0.9995,Frustration,"[""Evening Study"", ""Library Timings""]","[""evening study"", ""library timings""]",the library timings are not enough for evening study,0.9995,"[{""aspect"": ""Library Timings"", ""sentiment"": ""Negative""}]"
FB0093,2026-07-15,admin  replies  very late,Uploaded CSV,Negative,0.9977,Frustration,"[""Admin Replies""]","[""admin replies"", ""late""]",admin replies very late,0.9977,"[{""aspect"": ""Admin Replies"", ""sentiment"": ""Negative""}]"
FB0094,2026-06-29,lab bahut crowded hai during practicals,Uploaded CSV,Negative,0.9913,Frustration,"[""Lab Bahut Crowded"", ""Practicals""]","[""lab bahut crowded"", ""practicals""]",lab bahut crowded hai during practicals,0.9913,"[{""aspect"": ""Lab Bahut"", ""sentiment"": ""Negative""}]"
FB0095,2026-07-21,teaching quality is actually great,Uploaded CSV,Positive,0.9999,Satisfaction,"[""Teaching Quality""]","[""teaching quality""]",teaching quality is actually great,0.9999,"[{""aspect"": ""Teaching Quality"", ""sentiment"": ""Positive""}]"
FB0096,2026-07-08,new classrooms are really good!,Uploaded CSV,Positive,0.9999,Satisfaction,"[""New Classrooms""]","[""new classrooms""]",new classrooms are really good!,0.9999,"[{""aspect"": ""New Classrooms"", ""sentiment"": ""Positive""}]"
FB0097,2026-07-27,projector wasnt working in class,Uploaded CSV,Negative,0.9982,Frustration,"[""Projector"", ""Classes""]","[""projector"", ""class""]",projector wasnt working in class,0.9982,"[{""aspect"": ""Projector"", ""sentiment"": ""Negative""}]"
FB0098,2026-07-04,washrooms need better maintenance,Uploaded CSV,Negative,0.9985,Frustration,"[""Washrooms""]","[""washrooms"", ""maintenance""]",washrooms need better maintenance,0.9985,"[{""aspect"": ""Washrooms"", ""sentiment"": ""Negative""}]"
FB0099,2026-08-15,canteen is clean but food quality needs work,Uploaded CSV,Negative,0.9558,Frustration,"[""Food Quality"", ""Clean""]","[""food quality"", ""clean"", ""canteen""]",canteen is clean but food quality needs work,0.9558,"[{""aspect"": ""Canteen Clean"", ""sentiment"": ""Positive""}, {""aspect"": ""Food Quality"", ""sentiment"": ""Negative""}]"
FB0100,2026-07-10,companies were actually good this year,Uploaded CSV,Positive,0.9999,Satisfaction,"[""Year"", ""Companies""]","[""year"", ""companies""]",companies were actually good this year,0.9999,"[{""aspect"": ""Companies Year"", ""sentiment"": ""Positive""}]"
FB0101,2026-07-27,not enough interview rooms,Uploaded CSV,Negative,0.9994,Frustration,"[""Interview Rooms""]","[""interview rooms""]",not enough interview rooms,0.9994,"[{""aspect"": ""Interview Rooms"", ""sentiment"": ""Negative""}]"
FB0102,2026-07-27,not  enough interview rooms,Uploaded CSV,Negative,0.9994,Frustration,"[""Interview Rooms""]","[""interview rooms""]",not enough interview rooms,0.9994,"[{""aspect"": ""Interview Rooms"", ""sentiment"": ""Negative""}]"
FB0103,2026-08-27,placement updates are very late tbh :(,Uploaded CSV,Negative,0.9991,Frustration,"[""Placement Updates""]","[""placement updates"", ""late""]",placement updates are very late tbh :(,0.9991,"[{""aspect"": ""Placement Updates"", ""sentiment"": ""Negative""}]"
FB0104,2026-08-18,"classes are okay, nothing special",Uploaded CSV,Negative,0.9397,Frustration,"[""Nothing Special"", ""Classes""]","[""nothing special"", ""classes""]","classes are okay, nothing special",0.9397,"[{""aspect"": ""Classes Nothing"", ""sentiment"": ""Negative""}]"
FB0105,2026-07-08,lift doesnt work sometimes,Uploaded CSV,Negative,0.9955,Frustration,"[""Lift""]","[""lift""]",lift doesnt work sometimes,0.9955,"[{""aspect"": ""Lift"", ""sentiment"": ""Negative""}]"
FB0106,2026-07-27,PCs are fine now 👍,Uploaded CSV,Positive,0.9981,Satisfaction,"[""Now"", ""Pcs""]","[""now"", ""pcs""]",PCs are fine now 👍,0.9981,"[{""aspect"": ""Pcs Now"", ""sentiment"": ""Positive""}]"
FB0107,2026-07-27,software installation takes forever,Uploaded CSV,Negative,0.9462,Frustration,"[""Software Installation Takes"", ""Installation Takes Forever""]","[""software installation takes"", ""installation takes forever""]",software installation takes forever,0.9462,"[{""aspect"": ""Software Installation"", ""sentiment"": ""Negative""}]"
FB0108,2026-06-23,placement cell is helpful but communication is slow,Uploaded CSV,Negative,0.9976,Frustration,"[""Placement Cell"", ""Communication""]","[""placement cell"", ""communication"", ""slow""]",placement cell is helpful but communication is slow,0.9976,"[{""aspect"": ""Placement Cell"", ""sentiment"": ""Positive""}, {""aspect"": ""Communication"", ""sentiment"": ""Negative""}]"
FB0109,2026-05-31,lab is good but half the machines are dead,Uploaded CSV,Mixed,0.9944,Concern,"[""Half"", ""Machines""]","[""half"", ""machines"", ""dead"", ""lab""]",lab is good but half the machines are dead,0.9944,"[{""aspect"": ""Lab"", ""sentiment"": ""Positive""}, {""aspect"": ""Half Machines"", ""sentiment"": ""Negative""}]"
FB0110,2026-07-29,projector  wasnt  working in class,Uploaded CSV,Negative,0.9982,Frustration,"[""Projector"", ""Classes""]","[""projector"", ""class""]",projector wasnt working in class,0.9982,"[{""aspect"": ""Projector"", ""sentiment"": ""Negative""}]"
FB0111,2026-05-07,fees payment was smooth this time,Uploaded CSV,Neutral,0.5813,Neutral,"[""Fees Payment"", ""Smooth""]","[""fees payment"", ""smooth"", ""time""]",fees payment was smooth this time,0.5813,"[{""aspect"": ""Fees Payment"", ""sentiment"": ""Neutral""}]"
FB0112,2026-10-08,forms are not clear at all,Uploaded CSV,Negative,0.9997,Frustration,"[""Forms"", ""Clear""]","[""forms"", ""clear"", ""all""]",forms are not clear at all,0.9997,"[{""aspect"": ""Forms Clear"", ""sentiment"": ""Negative""}]"
FB0113,2026-08-21,food is actually pretty good today! tbh,Uploaded CSV,Positive,0.9999,Satisfaction,"[""Pretty"", ""Food""]","[""pretty"", ""food""]",food is actually pretty good today! tbh,0.9999,"[{""aspect"": ""Food Pretty"", ""sentiment"": ""Positive""}]"
FB0114,2026-09-04,lift doesnt work sometimes,Uploaded CSV,Negative,0.9955,Frustration,"[""Lift""]","[""lift""]",lift doesnt work sometimes,0.9955,"[{""aspect"": ""Lift"", ""sentiment"": ""Negative""}]"
FB0115,2026-06-18,sir  was really good!!!,Uploaded CSV,Positive,0.9999,Satisfaction,"[""Sir""]","[""sir""]",sir was really good!!!,0.9999,"[{""aspect"": ""Sir"", ""sentiment"": ""Positive""}]"
FB0116,2026-07-28,Wi-Fi  is  sooo slow in the evening 😡,Uploaded CSV,Negative,0.9983,Anger,"[""Wi-Fi"", ""Evening""]","[""sooo slow"", ""wi-fi"", ""evening""]",Wi-Fi is sooo slow in the evening 😡,0.9983,"[{""aspect"": ""Wi-Fi Sooo"", ""sentiment"": ""Negative""}]"
FB0117,2026-07-28,the library timings are not enough for evening study,Uploaded CSV,Negative,0.9995,Frustration,"[""Evening Study"", ""Library Timings""]","[""evening study"", ""library timings""]",the library timings are not enough for evening study,0.9995,"[{""aspect"": ""Library Timings"", ""sentiment"": ""Negative""}]"
FB0118,2026-06-19,too many last minute changes in placement schedule,Uploaded CSV,Negative,0.9995,Frustration,"[""Last Minute Changes"", ""Placement Schedule""]","[""last minute changes"", ""placement schedule""]",too many last minute changes in placement schedule,0.9995,"[{""aspect"": ""Last Minute Changes Placement Schedule"", ""sentiment"": ""Negative""}]"
FB0119,2026-06-28,wifi barely works in block B,Uploaded CSV,Negative,0.9994,Frustration,"[""Block"", ""Wi-Fi""]","[""wifi barely"", ""block""]",wifi barely works in block B,0.9994,"[{""aspect"": ""Wifi"", ""sentiment"": ""Negative""}]"
FB0120,2026-07-01,canteen ka food achha nahi hai yaar,Uploaded CSV,Negative,0.9246,Frustration,"[""Canteen Ka Food"", ""Nahi""]","[""canteen ka food"", ""nahi""]",canteen ka food achha nahi hai yaar,0.9246,"[{""aspect"": ""Canteen Ka"", ""sentiment"": ""Negative""}]"
FB0121,2026-07-28,the library timings are not enough for evening study,Uploaded CSV,Negative,0.9995,Frustration,"[""Evening Study"", ""Library Timings""]","[""evening study"", ""library timings""]",the library timings are not enough for evening study,0.9995,"[{""aspect"": ""Library Timings"", ""sentiment"": ""Negative""}]"
FB0122,2026-01-08,parking is a mess during peak hours,Uploaded CSV,Negative,0.9998,Frustration,"[""Peak Hours"", ""Parking""]","[""peak hours"", ""parking"", ""mess""]",parking is a mess during peak hours,0.9998,"[{""aspect"": ""Parking Mess"", ""sentiment"": ""Negative""}]"
FB0123,2026-07-28,placements look better this semester 👍,Uploaded CSV,Negative,0.9833,Frustration,"[""Placements"", ""Semester""]","[""placements"", ""semester""]",placements look better this semester 👍,0.9833,"[{""aspect"": ""Placements Look"", ""sentiment"": ""Negative""}]"
FB0124,2026-09-15,canteen ka food achha nahi hai yaar,Uploaded CSV,Negative,0.9246,Frustration,"[""Canteen Ka Food"", ""Nahi""]","[""canteen ka food"", ""nahi""]",canteen ka food achha nahi hai yaar,0.9246,"[{""aspect"": ""Canteen Ka"", ""sentiment"": ""Negative""}]"
FB0125,2026-08-01,lab bahut crowded hai during practicals,Uploaded CSV,Negative,0.9913,Frustration,"[""Lab Bahut Crowded"", ""Practicals""]","[""lab bahut crowded"", ""practicals""]",lab bahut crowded hai during practicals,0.9913,"[{""aspect"": ""Lab Bahut"", ""sentiment"": ""Negative""}]"
FB0126,2026-01-06,sir was really good!!!,Uploaded CSV,Positive,0.9999,Satisfaction,"[""Sir""]","[""sir""]",sir was really good!!!,0.9999,"[{""aspect"": ""Sir"", ""sentiment"": ""Positive""}]"
FB0127,2026-11-05,projector wasnt working in class btw,Uploaded CSV,Negative,0.9963,Frustration,"[""Class Btw"", ""Projector""]","[""class btw"", ""projector""]",projector wasnt working in class btw,0.9963,"[{""aspect"": ""Projector"", ""sentiment"": ""Negative""}]"
FB0128,2026-08-30,prices  are too high for the portion,Uploaded CSV,Negative,0.999,Frustration,"[""Portion"", ""Prices""]","[""portion"", ""prices"", ""high""]",prices are too high for the portion,0.999,"[{""aspect"": ""Prices"", ""sentiment"": ""Negative""}]"
FB0129,2026-08-08,faculty explains concepts really well :),Uploaded CSV,Positive,0.9993,Satisfaction,"[""Faculty Explains Concepts""]","[""faculty explains concepts""]",faculty explains concepts really well :),0.9993,"[{""aspect"": ""Faculty Explains"", ""sentiment"": ""Positive""}]"
FB0130,2026-09-14,fees payment was smooth this time,Uploaded CSV,Neutral,0.5813,Neutral,"[""Fees Payment"", ""Smooth""]","[""fees payment"", ""smooth"", ""time""]",fees payment was smooth this time,0.5813,"[{""aspect"": ""Fees Payment"", ""sentiment"": ""Neutral""}]"
FB0131,2026-07-28,too many last minute changes in placement schedule,Uploaded CSV,Negative,0.9995,Frustration,"[""Last Minute Changes"", ""Placement Schedule""]","[""last minute changes"", ""placement schedule""]",too many last minute changes in placement schedule,0.9995,"[{""aspect"": ""Last Minute Changes Placement Schedule"", ""sentiment"": ""Negative""}]"
FB0132,2026-09-06,net is fine in the morning but terrible later,Uploaded CSV,Mixed,0.9912,Concern,"[""Net"", ""Morning""]","[""net"", ""morning"", ""later""]",net is fine in the morning but terrible later,0.9912,"[{""aspect"": ""Net Morning"", ""sentiment"": ""Positive""}, {""aspect"": ""Later"", ""sentiment"": ""Negative""}]"
FB0133,2026-09-15,placements look better this semester 👍,Uploaded CSV,Negative,0.9833,Frustration,"[""Placements"", ""Semester""]","[""placements"", ""semester""]",placements look better this semester 👍,0.9833,"[{""aspect"": ""Placements Look"", ""sentiment"": ""Negative""}]"
FB0134,2026-08-08,not enough interview rooms,Uploaded CSV,Negative,0.9994,Frustration,"[""Interview Rooms""]","[""interview rooms""]",not enough interview rooms,0.9994,"[{""aspect"": ""Interview Rooms"", ""sentiment"": ""Negative""}]"
FB0135,2026-08-01,notes  are  useful but examples are missing,Uploaded CSV,Mixed,0.9976,Concern,"[""Notes"", ""Examples""]","[""notes"", ""examples"", ""missing"", ""useful""]",notes are useful but examples are missing,0.9976,"[{""aspect"": ""Notes Useful"", ""sentiment"": ""Positive""}, {""aspect"": ""Examples Missing"", ""sentiment"": ""Negative""}]"
FB0136,2026-11-08,net is fine in the morning but terrible later tbh,Uploaded CSV,Mixed,0.9909,Concern,"[""Net"", ""Morning""]","[""net"", ""morning"", ""later""]",net is fine in the morning but terrible later tbh,0.9909,"[{""aspect"": ""Net Morning"", ""sentiment"": ""Positive""}, {""aspect"": ""Later"", ""sentiment"": ""Negative""}]"
FB0137,2026-07-29,placement cell is helpful but communication is slow,Uploaded CSV,Negative,0.9976,Frustration,"[""Placement Cell"", ""Communication""]","[""placement cell"", ""communication"", ""slow""]",placement cell is helpful but communication is slow,0.9976,"[{""aspect"": ""Placement Cell"", ""sentiment"": ""Positive""}, {""aspect"": ""Communication"", ""sentiment"": ""Negative""}]"
FB0138,2026-08-15,canteen food is bad :(  ,Uploaded CSV,Negative,0.9997,Frustration,"[""Canteen Food""]","[""canteen food""]",canteen food is bad :(,0.9997,"[{""aspect"": ""Canteen Food"", ""sentiment"": ""Negative""}]"
FB0139,2026-06-17,wifi barely works in block B,Uploaded CSV,Negative,0.9994,Frustration,"[""Block"", ""Wi-Fi""]","[""wifi barely"", ""block""]",wifi barely works in block B,0.9994,"[{""aspect"": ""Wifi"", ""sentiment"": ""Negative""}]"
FB0140,2026-07-18,admin replies very late,Uploaded CSV,Negative,0.9977,Frustration,"[""Admin Replies""]","[""admin replies"", ""late""]",admin replies very late,0.9977,"[{""aspect"": ""Admin Replies"", ""sentiment"": ""Negative""}]"
FB0141,2026-06-08,fans are too slow in the afternoon,Uploaded CSV,Negative,0.9974,Frustration,"[""Fans"", ""Afternoon""]","[""fans"", ""afternoon"", ""slow""]",fans are too slow in the afternoon,0.9974,"[{""aspect"": ""Fans"", ""sentiment"": ""Negative""}]"
FB0142,2026-07-29,companies were actually good this year,Uploaded CSV,Positive,0.9999,Satisfaction,"[""Year"", ""Companies""]","[""year"", ""companies""]",companies were actually good this year,0.9999,"[{""aspect"": ""Companies Year"", ""sentiment"": ""Positive""}]"
FB0143,2026-07-31,companies were actually good this year,Uploaded CSV,Positive,0.9999,Satisfaction,"[""Year"", ""Companies""]","[""year"", ""companies""]",companies were actually good this year,0.9999,"[{""aspect"": ""Companies Year"", ""sentiment"": ""Positive""}]"
FB0144,2026-07-14,Wi-Fi is sooo slow in the evening 😡,Uploaded CSV,Negative,0.9983,Anger,"[""Wi-Fi"", ""Evening""]","[""sooo slow"", ""wi-fi"", ""evening""]",Wi-Fi is sooo slow in the evening 😡,0.9983,"[{""aspect"": ""Wi-Fi Sooo"", ""sentiment"": ""Negative""}]"
FB0145,2026-08-22,faculty explains concepts really well :),Uploaded CSV,Positive,0.9993,Satisfaction,"[""Faculty Explains Concepts""]","[""faculty explains concepts""]",faculty explains concepts really well :),0.9993,"[{""aspect"": ""Faculty Explains"", ""sentiment"": ""Positive""}]"
FB0146,2026-07-29,Wi-Fi is sooo slow in the evening 😡,Uploaded CSV,Negative,0.9983,Anger,"[""Wi-Fi"", ""Evening""]","[""sooo slow"", ""wi-fi"", ""evening""]",Wi-Fi is sooo slow in the evening 😡,0.9983,"[{""aspect"": ""Wi-Fi Sooo"", ""sentiment"": ""Negative""}]"
FB0147,2026-07-29,Network  dies  during online tests!!!,Uploaded CSV,Negative,0.9998,Frustration,"[""Online Tests"", ""Network""]","[""network dies"", ""online tests""]",Network dies during online tests!!!,0.9998,"[{""aspect"": ""Network"", ""sentiment"": ""Negative""}]"
FB0148,2026-07-30,"books are good, but the AC is too cold",Uploaded CSV,Mixed,0.9972,Concern,"[""Books"", ""Ac""]","[""books"", ""ac"", ""cold""]","books are good, but the AC is too cold",0.9972,"[{""aspect"": ""Books"", ""sentiment"": ""Positive""}, {""aspect"": ""Ac Cold"", ""sentiment"": ""Negative""}]"
FB0149,2026-08-16,lab bahut crowded hai during practicals,Uploaded CSV,Negative,0.9913,Frustration,"[""Lab Bahut Crowded"", ""Practicals""]","[""lab bahut crowded"", ""practicals""]",lab bahut crowded hai during practicals,0.9913,"[{""aspect"": ""Lab Bahut"", ""sentiment"": ""Negative""}]"
FB0150,2026-06-13,Love the library :) but there are hardly any seats,Uploaded CSV,Mixed,0.99,Concern,"[""Hardly Any Seats"", ""Love""]","[""hardly any seats"", ""love"", ""there"", ""library""]",Love the library :) but there are hardly any seats,0.99,"[{""aspect"": ""Love Library"", ""sentiment"": ""Positive""}, {""aspect"": ""There Hardly"", ""sentiment"": ""Neutral""}]"
FB0151,2026-07-29,campus wifi is actually decent,Uploaded CSV,Positive,0.9996,Satisfaction,"[""Campus Wifi""]","[""campus wifi""]",campus wifi is actually decent,0.9996,"[{""aspect"": ""Campus Wifi"", ""sentiment"": ""Positive""}]"
FB0152,2026-07-29,too many last minute changes in placement schedule,Uploaded CSV,Negative,0.9995,Frustration,"[""Last Minute Changes"", ""Placement Schedule""]","[""last minute changes"", ""placement schedule""]",too many last minute changes in placement schedule,0.9995,"[{""aspect"": ""Last Minute Changes Placement Schedule"", ""sentiment"": ""Negative""}]"
FB0153,2026-08-20,"books are good, but the AC is too cold",Uploaded CSV,Mixed,0.9972,Concern,"[""Books"", ""Ac""]","[""books"", ""ac"", ""cold""]","books are good, but the AC is too cold",0.9972,"[{""aspect"": ""Books"", ""sentiment"": ""Positive""}, {""aspect"": ""Ac Cold"", ""sentiment"": ""Negative""}]"
FB0154,2026-07-08,faculty explains concepts really well :),Uploaded CSV,Positive,0.9993,Satisfaction,"[""Faculty Explains Concepts""]","[""faculty explains concepts""]",faculty explains concepts really well :),0.9993,"[{""aspect"": ""Faculty Explains"", ""sentiment"": ""Positive""}]"
FB0155,2026-07-14,"books are good, but the AC is too cold",Uploaded CSV,Mixed,0.9972,Concern,"[""Books"", ""Ac""]","[""books"", ""ac"", ""cold""]","books are good, but the AC is too cold",0.9972,"[{""aspect"": ""Books"", ""sentiment"": ""Positive""}, {""aspect"": ""Ac Cold"", ""sentiment"": ""Negative""}]"
FB0156,2026-04-07,placement cell is helpful but communication is slow,Uploaded CSV,Negative,0.9976,Frustration,"[""Placement Cell"", ""Communication""]","[""placement cell"", ""communication"", ""slow""]",placement cell is helpful but communication is slow,0.9976,"[{""aspect"": ""Placement Cell"", ""sentiment"": ""Positive""}, {""aspect"": ""Communication"", ""sentiment"": ""Negative""}]"
FB0157,2026-07-29,washrooms need better maintenance,Uploaded CSV,Negative,0.9985,Frustration,"[""Washrooms""]","[""washrooms"", ""maintenance""]",washrooms need better maintenance,0.9985,"[{""aspect"": ""Washrooms"", ""sentiment"": ""Negative""}]"
FB0158,2026-08-21,too many last minute changes,Uploaded CSV,Negative,0.998,Frustration,"[""Last Minute Changes""]","[""last minute changes""]",too many last minute changes,0.998,"[{""aspect"": ""Last Minute Changes"", ""sentiment"": ""Negative""}]"
FB0159,2026-06-22,office staff is helpful but the queue is too long,Uploaded CSV,Negative,0.9992,Frustration,"[""Office Staff"", ""Queue""]","[""office staff"", ""queue"", ""long""]",office staff is helpful but the queue is too long,0.9992,"[{""aspect"": ""Office Staff"", ""sentiment"": ""Positive""}, {""aspect"": ""Queue Long"", ""sentiment"": ""Negative""}]"
FB0160,2026-08-07,software installation takes forever,Uploaded CSV,Negative,0.9462,Frustration,"[""Software Installation Takes"", ""Installation Takes Forever""]","[""software installation takes"", ""installation takes forever""]",software installation takes forever,0.9462,"[{""aspect"": ""Software Installation"", ""sentiment"": ""Negative""}]"
FB0161,2026-12-06,fees payment was smooth this time,Uploaded CSV,Neutral,0.5813,Neutral,"[""Fees Payment"", ""Smooth""]","[""fees payment"", ""smooth"", ""time""]",fees payment was smooth this time,0.5813,"[{""aspect"": ""Fees Payment"", ""sentiment"": ""Neutral""}]"
FB0162,2026-02-06,faculty  explains  concepts really well :),Uploaded CSV,Positive,0.9993,Satisfaction,"[""Faculty Explains Concepts""]","[""faculty explains concepts""]",faculty explains concepts really well :),0.9993,"[{""aspect"": ""Faculty Explains"", ""sentiment"": ""Positive""}]"
FB0163,2026-07-19,documents were processed quickly :),Uploaded CSV,Negative,0.9885,Frustration,"[""Processed Quickly"", ""Documents""]","[""processed quickly"", ""documents""]",documents were processed quickly :),0.9885,"[{""aspect"": ""Documents Processed"", ""sentiment"": ""Negative""}]"
FB0164,2026-06-23,washrooms need better maintenance 👍,Uploaded CSV,Negative,0.9982,Frustration,"[""Washrooms""]","[""washrooms"", ""maintenance""]",washrooms need better maintenance 👍,0.9982,"[{""aspect"": ""Washrooms"", ""sentiment"": ""Negative""}]"
FB0165,2026-07-03,admin replies very late,Uploaded CSV,Negative,0.9977,Frustration,"[""Admin Replies""]","[""admin replies"", ""late""]",admin replies very late,0.9977,"[{""aspect"": ""Admin Replies"", ""sentiment"": ""Negative""}]"
FB0166,2026-07-30,new classrooms are really good!,Uploaded CSV,Positive,0.9999,Satisfaction,"[""New Classrooms""]","[""new classrooms""]",new classrooms are really good!,0.9999,"[{""aspect"": ""New Classrooms"", ""sentiment"": ""Positive""}]"
FB0167,2026-07-30,software installation takes forever,Uploaded CSV,Negative,0.9462,Frustration,"[""Software Installation Takes"", ""Installation Takes Forever""]","[""software installation takes"", ""installation takes forever""]",software installation takes forever,0.9462,"[{""aspect"": ""Software Installation"", ""sentiment"": ""Negative""}]"
FB0168,2026-08-02,Love the library :) but there are hardly any seats,Uploaded CSV,Mixed,0.99,Concern,"[""Hardly Any Seats"", ""Love""]","[""hardly any seats"", ""love"", ""there"", ""library""]",Love the library :) but there are hardly any seats,0.99,"[{""aspect"": ""Love Library"", ""sentiment"": ""Positive""}, {""aspect"": ""There Hardly"", ""sentiment"": ""Neutral""}]"
FB0169,2026-08-01,notes are useful but examples are missing,Uploaded CSV,Mixed,0.9976,Concern,"[""Notes"", ""Examples""]","[""notes"", ""examples"", ""missing"", ""useful""]",notes are useful but examples are missing,0.9976,"[{""aspect"": ""Notes Useful"", ""sentiment"": ""Positive""}, {""aspect"": ""Examples Missing"", ""sentiment"": ""Negative""}]"
FB0170,2026-07-07,forms are not clear at all,Uploaded CSV,Negative,0.9997,Frustration,"[""Forms"", ""Clear""]","[""forms"", ""clear"", ""all""]",forms are not clear at all,0.9997,"[{""aspect"": ""Forms Clear"", ""sentiment"": ""Negative""}]"
FB0171,2026-10-06,faculty is sooo goooddddd :D,Uploaded CSV,Negative,0.9941,Frustration,"[""Sooo Goooddddd"", ""Faculty""]","[""sooo goooddddd"", ""faculty""]",faculty is sooo goooddddd :D,0.9941,"[{""aspect"": ""Faculty Sooo"", ""sentiment"": ""Negative""}]"
FB0172,2026-07-30,parking is a mess during peak hours,Uploaded CSV,Negative,0.9998,Frustration,"[""Peak Hours"", ""Parking""]","[""peak hours"", ""parking"", ""mess""]",parking is a mess during peak hours,0.9998,"[{""aspect"": ""Parking Mess"", ""sentiment"": ""Negative""}]"
FB0173,2026-07-16,placement cell is helpful but communication is slow,Uploaded CSV,Negative,0.9976,Frustration,"[""Placement Cell"", ""Communication""]","[""placement cell"", ""communication"", ""slow""]",placement cell is helpful but communication is slow,0.9976,"[{""aspect"": ""Placement Cell"", ""sentiment"": ""Positive""}, {""aspect"": ""Communication"", ""sentiment"": ""Negative""}]"
FB0174,2026-06-15,registration process is confusing!!!,Uploaded CSV,Negative,0.9995,Frustration,"[""Registration Process""]","[""registration process"", ""confusing""]",registration process is confusing!!!,0.9995,"[{""aspect"": ""Registration Process"", ""sentiment"": ""Negative""}]"
FB0175,2026-08-07,"classes are okay, nothing special",Uploaded CSV,Negative,0.9397,Frustration,"[""Nothing Special"", ""Classes""]","[""nothing special"", ""classes""]","classes are okay, nothing special",0.9397,"[{""aspect"": ""Classes Nothing"", ""sentiment"": ""Negative""}]"
FB0176,2026-06-06,not  enough  healthy options tbh,Uploaded CSV,Negative,0.9991,Frustration,"[""Healthy Options""]","[""healthy options""]",not enough healthy options tbh,0.9991,"[{""aspect"": ""Healthy Options"", ""sentiment"": ""Negative""}]"
FB0177,2026-08-06,lab equipment is outdated,Uploaded CSV,Negative,0.9998,Frustration,"[""Lab Equipment""]","[""lab equipment"", ""outdated""]",lab equipment is outdated,0.9998,"[{""aspect"": ""Lab Equipment"", ""sentiment"": ""Negative""}]"
FB0178,2026-06-02,"classes are okay, nothing special",Uploaded CSV,Negative,0.9397,Frustration,"[""Nothing Special"", ""Classes""]","[""nothing special"", ""classes""]","classes are okay, nothing special",0.9397,"[{""aspect"": ""Classes Nothing"", ""sentiment"": ""Negative""}]"
FB0179,2026-06-06,canteen is clean but food quality needs work,Uploaded CSV,Negative,0.9558,Frustration,"[""Food Quality"", ""Clean""]","[""food quality"", ""clean"", ""canteen""]",canteen is clean but food quality needs work,0.9558,"[{""aspect"": ""Canteen Clean"", ""sentiment"": ""Positive""}, {""aspect"": ""Food Quality"", ""sentiment"": ""Negative""}]"
FB0180,2026-08-20,PCs are fine now 👍,Uploaded CSV,Positive,0.9981,Satisfaction,"[""Now"", ""Pcs""]","[""now"", ""pcs""]",PCs are fine now 👍,0.9981,"[{""aspect"": ""Pcs Now"", ""sentiment"": ""Positive""}]"
FB0181,2026-07-30,too many last minute changes,Uploaded CSV,Negative,0.998,Frustration,"[""Last Minute Changes""]","[""last minute changes""]",too many last minute changes,0.998,"[{""aspect"": ""Last Minute Changes"", ""sentiment"": ""Negative""}]"
FB0182,2026-07-30,lab is GREAT but half the machines are dead,Uploaded CSV,Mixed,0.9942,Concern,"[""Half"", ""Machines""]","[""half"", ""machines"", ""dead"", ""lab""]",lab is GREAT but half the machines are dead,0.9942,"[{""aspect"": ""Lab"", ""sentiment"": ""Positive""}, {""aspect"": ""Half Machines"", ""sentiment"": ""Negative""}]"
FB0183,2026-08-01,campus wifi is actually decent,Uploaded CSV,Positive,0.9996,Satisfaction,"[""Campus Wifi""]","[""campus wifi""]",campus wifi is actually decent,0.9996,"[{""aspect"": ""Campus Wifi"", ""sentiment"": ""Positive""}]"
FB0184,2026-08-12,library is great but closes too early,Uploaded CSV,Negative,0.9929,Frustration,"[""Library""]","[""early"", ""library""]",library is great but closes too early,0.9929,"[{""aspect"": ""Library"", ""sentiment"": ""Positive""}, {""aspect"": ""Closes Early"", ""sentiment"": ""Negative""}]"
FB0185,2026-08-11,Network dies during online tests!!!,Uploaded CSV,Negative,0.9998,Frustration,"[""Online Tests"", ""Network""]","[""network dies"", ""online tests""]",Network dies during online tests!!!,0.9998,"[{""aspect"": ""Network"", ""sentiment"": ""Negative""}]"
FB0186,2026-07-30,lab equipment is outdated,Uploaded CSV,Negative,0.9998,Frustration,"[""Lab Equipment""]","[""lab equipment"", ""outdated""]",lab equipment is outdated,0.9998,"[{""aspect"": ""Lab Equipment"", ""sentiment"": ""Negative""}]"
FB0187,2026-07-30,not enough interview rooms,Uploaded CSV,Negative,0.9994,Frustration,"[""Interview Rooms""]","[""interview rooms""]",not enough interview rooms,0.9994,"[{""aspect"": ""Interview Rooms"", ""sentiment"": ""Negative""}]"
FB0188,2026-07-09,faculty is sooo goooddddd :D,Uploaded CSV,Negative,0.9941,Frustration,"[""Sooo Goooddddd"", ""Faculty""]","[""sooo goooddddd"", ""faculty""]",faculty is sooo goooddddd :D,0.9941,"[{""aspect"": ""Faculty Sooo"", ""sentiment"": ""Negative""}]"
FB0189,2026-06-07,companies were actually good this year,Uploaded CSV,Positive,0.9999,Satisfaction,"[""Year"", ""Companies""]","[""year"", ""companies""]",companies were actually good this year,0.9999,"[{""aspect"": ""Companies Year"", ""sentiment"": ""Positive""}]"
FB0190,2026-07-03,Love the library :) but there are hardly any seats,Uploaded CSV,Mixed,0.99,Concern,"[""Hardly Any Seats"", ""Love""]","[""hardly any seats"", ""love"", ""there"", ""library""]",Love the library :) but there are hardly any seats,0.99,"[{""aspect"": ""Love Library"", ""sentiment"": ""Positive""}, {""aspect"": ""There Hardly"", ""sentiment"": ""Neutral""}]"
FB0191,2026-07-31,Love  the library :) but there are hardly any seats,Uploaded CSV,Mixed,0.99,Concern,"[""Hardly Any Seats"", ""Love""]","[""hardly any seats"", ""love"", ""there"", ""library""]",Love the library :) but there are hardly any seats,0.99,"[{""aspect"": ""Love Library"", ""sentiment"": ""Positive""}, {""aspect"": ""There Hardly"", ""sentiment"": ""Neutral""}]"
FB0192,2026-08-06,net is fine in the morning but terrible later,Uploaded CSV,Mixed,0.9912,Concern,"[""Net"", ""Morning""]","[""net"", ""morning"", ""later""]",net is fine in the morning but terrible later,0.9912,"[{""aspect"": ""Net Morning"", ""sentiment"": ""Positive""}, {""aspect"": ""Later"", ""sentiment"": ""Negative""}]"
FB0193,2026-08-29,internet keeps disconnecting every few mins?!,Uploaded CSV,Negative,0.9982,Frustration,"[""Disconnecting Every"", ""Internet""]","[""disconnecting every"", ""internet"", ""mins""]",internet keeps disconnecting every few mins?!,0.9982,"[{""aspect"": ""Internet Keeps"", ""sentiment"": ""Negative""}]"
FB0194,2026-09-26,too many last minute changes,Uploaded CSV,Negative,0.998,Frustration,"[""Last Minute Changes""]","[""last minute changes""]",too many last minute changes,0.998,"[{""aspect"": ""Last Minute Changes"", ""sentiment"": ""Negative""}]"
FB0195,2026-08-14,lab bahut crowded hai during practicals,Uploaded CSV,Negative,0.9913,Frustration,"[""Lab Bahut Crowded"", ""Practicals""]","[""lab bahut crowded"", ""practicals""]",lab bahut crowded hai during practicals,0.9913,"[{""aspect"": ""Lab Bahut"", ""sentiment"": ""Negative""}]"
FB0196,2026-07-31,faculty is sooo goooddddd :D,Uploaded CSV,Negative,0.9941,Frustration,"[""Sooo Goooddddd"", ""Faculty""]","[""sooo goooddddd"", ""faculty""]",faculty is sooo goooddddd :D,0.9941,"[{""aspect"": ""Faculty Sooo"", ""sentiment"": ""Negative""}]"
FB0197,2026-10-05,canteen is clean but food quality needs work,Uploaded CSV,Negative,0.9558,Frustration,"[""Food Quality"", ""Clean""]","[""food quality"", ""clean"", ""canteen""]",canteen is clean but food quality needs work,0.9558,"[{""aspect"": ""Canteen Clean"", ""sentiment"": ""Positive""}, {""aspect"": ""Food Quality"", ""sentiment"": ""Negative""}]"
FB0198,2026-08-16,Network dies during online tests!!!,Uploaded CSV,Negative,0.9998,Frustration,"[""Online Tests"", ""Network""]","[""network dies"", ""online tests""]",Network dies during online tests!!!,0.9998,"[{""aspect"": ""Network"", ""sentiment"": ""Negative""}]"
FB0199,2026-08-27,lab is good but half the machines are dead,Uploaded CSV,Mixed,0.9944,Concern,"[""Half"", ""Machines""]","[""half"", ""machines"", ""dead"", ""lab""]",lab is good but half the machines are dead,0.9944,"[{""aspect"": ""Lab"", ""sentiment"": ""Positive""}, {""aspect"": ""Half Machines"", ""sentiment"": ""Negative""}]"
FB0200,2026-08-03,PCs are fine now 👍,Uploaded CSV,Positive,0.9981,Satisfaction,"[""Now"", ""Pcs""]","[""now"", ""pcs""]",PCs are fine now 👍,0.9981,"[{""aspect"": ""Pcs Now"", ""sentiment"": ""Positive""}]"
FB0201,2026-06-05,fees payment was smooth this time,Uploaded CSV,Neutral,0.5813,Neutral,"[""Fees Payment"", ""Smooth""]","[""fees payment"", ""smooth"", ""time""]",fees payment was smooth this time,0.5813,"[{""aspect"": ""Fees Payment"", ""sentiment"": ""Neutral""}]"
FB0202,2026-04-05,placement cell is helpful but communication is slow?!,Uploaded CSV,Negative,0.9984,Frustration,"[""Placement Cell"", ""Communication""]","[""placement cell"", ""communication"", ""slow""]",placement cell is helpful but communication is slow?!,0.9984,"[{""aspect"": ""Placement Cell"", ""sentiment"": ""Positive""}, {""aspect"": ""Communication"", ""sentiment"": ""Negative""}]"
FB0203,2026-09-16,Love the library :) but there are hardly any seats,Uploaded CSV,Mixed,0.99,Concern,"[""Hardly Any Seats"", ""Love""]","[""hardly any seats"", ""love"", ""there"", ""library""]",Love the library :) but there are hardly any seats,0.99,"[{""aspect"": ""Love Library"", ""sentiment"": ""Positive""}, {""aspect"": ""There Hardly"", ""sentiment"": ""Neutral""}]"
FB0204,2026-09-05,campus wifi is actually decent,Uploaded CSV,Positive,0.9996,Satisfaction,"[""Campus Wifi""]","[""campus wifi""]",campus wifi is actually decent,0.9996,"[{""aspect"": ""Campus Wifi"", ""sentiment"": ""Positive""}]"
FB0205,2026-09-25,canteen ka food achha nahi hai yaar :),Uploaded CSV,Negative,0.9639,Frustration,"[""Canteen Ka Food"", ""Nahi""]","[""canteen ka food"", ""nahi""]",canteen ka food achha nahi hai yaar :),0.9639,"[{""aspect"": ""Canteen Ka"", ""sentiment"": ""Negative""}]"
FB0206,2026-07-31,not enough working PCs,Uploaded CSV,Negative,0.9997,Frustration,"[""Pcs""]","[""pcs""]",not enough working PCs,0.9997,"[{""aspect"": ""Working Pcs"", ""sentiment"": ""Negative""}]"
FB0207,2026-07-31,too many last minute changes,Uploaded CSV,Negative,0.998,Frustration,"[""Last Minute Changes""]","[""last minute changes""]",too many last minute changes,0.998,"[{""aspect"": ""Last Minute Changes"", ""sentiment"": ""Negative""}]"
FB0208,2026-07-13,lift doesnt work sometimes,Uploaded CSV,Negative,0.9955,Frustration,"[""Lift""]","[""lift""]",lift doesnt work sometimes,0.9955,"[{""aspect"": ""Lift"", ""sentiment"": ""Negative""}]"
FB0209,2026-07-21,placement cell is helpful but communication is slow :D,Uploaded CSV,Negative,0.9972,Frustration,"[""Placement Cell"", ""Communication""]","[""placement cell"", ""communication"", ""slow""]",placement cell is helpful but communication is slow :D,0.9972,"[{""aspect"": ""Placement Cell"", ""sentiment"": ""Positive""}, {""aspect"": ""Communication"", ""sentiment"": ""Negative""}]"
FB0210,2026-07-02,wifi bahut slow hai yaar 😭,Uploaded CSV,Negative,0.9906,Frustration,"[""Wifi Bahut""]","[""wifi bahut slow""]",wifi bahut slow hai yaar 😭,0.9906,"[{""aspect"": ""Wifi Bahut"", ""sentiment"": ""Negative""}]"
FB0211,2026-07-31,lift doesnt work sometimes,Uploaded CSV,Negative,0.9955,Frustration,"[""Lift""]","[""lift""]",lift doesnt work sometimes,0.9955,"[{""aspect"": ""Lift"", ""sentiment"": ""Negative""}]"
FB0212,2026-06-07,wifi bahut slow hai yaar 😭,Uploaded CSV,Negative,0.9906,Frustration,"[""Wifi Bahut""]","[""wifi bahut slow""]",wifi bahut slow hai yaar 😭,0.9906,"[{""aspect"": ""Wifi Bahut"", ""sentiment"": ""Negative""}]"
FB0213,2026-09-06,parking is a mess during peak hours,Uploaded CSV,Negative,0.9998,Frustration,"[""Peak Hours"", ""Parking""]","[""peak hours"", ""parking"", ""mess""]",parking is a mess during peak hours,0.9998,"[{""aspect"": ""Parking Mess"", ""sentiment"": ""Negative""}]"
FB0214,2026-09-26,internet  keeps disconnecting every few mins,Uploaded CSV,Negative,0.998,Frustration,"[""Disconnecting Every"", ""Internet""]","[""disconnecting every"", ""internet"", ""mins""]",internet keeps disconnecting every few mins,0.998,"[{""aspect"": ""Internet Keeps"", ""sentiment"": ""Negative""}]"
FB0215,2026-08-01,lab is good but half the machines are dead,Uploaded CSV,Mixed,0.9944,Concern,"[""Half"", ""Machines""]","[""half"", ""machines"", ""dead"", ""lab""]",lab is good but half the machines are dead,0.9944,"[{""aspect"": ""Lab"", ""sentiment"": ""Positive""}, {""aspect"": ""Half Machines"", ""sentiment"": ""Negative""}]"
FB0216,2026-08-01,library is great but closes too early,Uploaded CSV,Negative,0.9929,Frustration,"[""Library""]","[""early"", ""library""]",library is great but closes too early,0.9929,"[{""aspect"": ""Library"", ""sentiment"": ""Positive""}, {""aspect"": ""Closes Early"", ""sentiment"": ""Negative""}]"
FB0217,2026-10-07,some teachers are helpful but lectures feel rushed...,Uploaded CSV,Negative,0.9959,Frustration,"[""Teachers"", ""Rushed""]","[""teachers"", ""rushed"", ""lectures""]",some teachers are helpful but lectures feel rushed...,0.9959,"[{""aspect"": ""Some Teachers"", ""sentiment"": ""Positive""}, {""aspect"": ""Lectures Feel"", ""sentiment"": ""Negative""}]"
FB0218,2026-07-30,placement  updates are very late tbh,Uploaded CSV,Negative,0.9989,Frustration,"[""Placement Updates""]","[""placement updates"", ""late""]",placement updates are very late tbh,0.9989,"[{""aspect"": ""Placement Updates"", ""sentiment"": ""Negative""}]"
FB0219,2026-08-02,library staff is helpful,Uploaded CSV,Positive,0.9997,Joy,"[""Library Staff""]","[""library staff""]",library staff is helpful,0.9997,"[{""aspect"": ""Library Staff"", ""sentiment"": ""Positive""}]"
FB0220,2026-07-23,software installation takes forever,Uploaded CSV,Negative,0.9462,Frustration,"[""Software Installation Takes"", ""Installation Takes Forever""]","[""software installation takes"", ""installation takes forever""]",software installation takes forever,0.9462,"[{""aspect"": ""Software Installation"", ""sentiment"": ""Negative""}]"
FB0221,2026-08-01,fees  payment was smooth this time,Uploaded CSV,Neutral,0.5813,Neutral,"[""Fees Payment"", ""Smooth""]","[""fees payment"", ""smooth"", ""time""]",fees payment was smooth this time,0.5813,"[{""aspect"": ""Fees Payment"", ""sentiment"": ""Neutral""}]"
FB0222,2026-06-06,some teachers are helpful but lectures feel rushed,Uploaded CSV,Negative,0.997,Frustration,"[""Teachers"", ""Rushed""]","[""teachers"", ""rushed"", ""lectures""]",some teachers are helpful but lectures feel rushed,0.997,"[{""aspect"": ""Some Teachers"", ""sentiment"": ""Positive""}, {""aspect"": ""Lectures Feel"", ""sentiment"": ""Negative""}]"
FB0223,2026-08-04,companies were actually good this year,Uploaded CSV,Positive,0.9999,Satisfaction,"[""Year"", ""Companies""]","[""year"", ""companies""]",companies were actually good this year,0.9999,"[{""aspect"": ""Companies Year"", ""sentiment"": ""Positive""}]"
FB0224,2026-08-31,lab bahut crowded hai during practicals,Uploaded CSV,Negative,0.9913,Frustration,"[""Lab Bahut Crowded"", ""Practicals""]","[""lab bahut crowded"", ""practicals""]",lab bahut crowded hai during practicals,0.9913,"[{""aspect"": ""Lab Bahut"", ""sentiment"": ""Negative""}]"
FB0225,2026-08-23,lab bahut crowded hai during practicals,Uploaded CSV,Negative,0.9913,Frustration,"[""Lab Bahut Crowded"", ""Practicals""]","[""lab bahut crowded"", ""practicals""]",lab bahut crowded hai during practicals,0.9913,"[{""aspect"": ""Lab Bahut"", ""sentiment"": ""Negative""}]"
FB0226,2026-08-07,forms are not clear at all,Uploaded CSV,Negative,0.9997,Frustration,"[""Forms"", ""Clear""]","[""forms"", ""clear"", ""all""]",forms are not clear at all,0.9997,"[{""aspect"": ""Forms Clear"", ""sentiment"": ""Negative""}]"
FB0227,2026-08-01,registration process is confusing btw,Uploaded CSV,Negative,0.9993,Frustration,"[""Confusing Btw"", ""Registration Process""]","[""confusing btw"", ""registration process""]",registration process is confusing btw,0.9993,"[{""aspect"": ""Registration Process"", ""sentiment"": ""Negative""}]"
FB0228,2026-08-29,registration process is confusing,Uploaded CSV,Negative,0.9992,Frustration,"[""Registration Process""]","[""registration process"", ""confusing""]",registration process is confusing,0.9992,"[{""aspect"": ""Registration Process"", ""sentiment"": ""Negative""}]"
FB0229,2026-06-05,faculty  is  sooo goooddddd :D,Uploaded CSV,Negative,0.9941,Frustration,"[""Sooo Goooddddd"", ""Faculty""]","[""sooo goooddddd"", ""faculty""]",faculty is sooo goooddddd :D,0.9941,"[{""aspect"": ""Faculty Sooo"", ""sentiment"": ""Negative""}]"
FB0230,2026-09-11,parking is a mess during peak hours,Uploaded CSV,Negative,0.9998,Frustration,"[""Peak Hours"", ""Parking""]","[""peak hours"", ""parking"", ""mess""]",parking is a mess during peak hours,0.9998,"[{""aspect"": ""Parking Mess"", ""sentiment"": ""Negative""}]"
FB0231,2026-10-08,too many last minute changes in placement schedule,Uploaded CSV,Negative,0.9995,Frustration,"[""Last Minute Changes"", ""Placement Schedule""]","[""last minute changes"", ""placement schedule""]",too many last minute changes in placement schedule,0.9995,"[{""aspect"": ""Last Minute Changes Placement Schedule"", ""sentiment"": ""Negative""}]"
FB0232,2026-08-01,canteen ka food achha nahi hai yaar,Uploaded CSV,Negative,0.9246,Frustration,"[""Canteen Ka Food"", ""Nahi""]","[""canteen ka food"", ""nahi""]",canteen ka food achha nahi hai yaar,0.9246,"[{""aspect"": ""Canteen Ka"", ""sentiment"": ""Negative""}]"
FB0233,2026-07-27,lift doesnt work sometimes,Uploaded CSV,Negative,0.9955,Frustration,"[""Lift""]","[""lift""]",lift doesnt work sometimes,0.9955,"[{""aspect"": ""Lift"", ""sentiment"": ""Negative""}]"
FB0234,2026-06-01,"books are good, but the AC is too cold",Uploaded CSV,Mixed,0.9972,Concern,"[""Books"", ""Ac""]","[""books"", ""ac"", ""cold""]","books are good, but the AC is too cold",0.9972,"[{""aspect"": ""Books"", ""sentiment"": ""Positive""}, {""aspect"": ""Ac Cold"", ""sentiment"": ""Negative""}]"
FB0235,2026-06-19,food quality has improved 👍,Uploaded CSV,Positive,0.9996,Joy,"[""Food Quality"", ""Improved""]","[""food quality"", ""improved""]",food quality has improved 👍,0.9996,"[{""aspect"": ""Food Quality"", ""sentiment"": ""Positive""}]"
FB0236,2026-04-06,the library timings are not enough for evening study,Uploaded CSV,Negative,0.9995,Frustration,"[""Evening Study"", ""Library Timings""]","[""evening study"", ""library timings""]",the library timings are not enough for evening study,0.9995,"[{""aspect"": ""Library Timings"", ""sentiment"": ""Negative""}]"
FB0237,2026-08-01,washroom cleaning is much better now,Uploaded CSV,Positive,0.9696,Satisfaction,"[""Washroom Cleaning"", ""Now""]","[""washroom cleaning"", ""now""]",washroom cleaning is much better now,0.9696,"[{""aspect"": ""Washroom Cleaning"", ""sentiment"": ""Positive""}]"
FB0238,2026-08-20,washroom cleaning is much better now,Uploaded CSV,Positive,0.9696,Satisfaction,"[""Washroom Cleaning"", ""Now""]","[""washroom cleaning"", ""now""]",washroom cleaning is much better now,0.9696,"[{""aspect"": ""Washroom Cleaning"", ""sentiment"": ""Positive""}]"
FB0239,2026-08-18,forms are not clear at all,Uploaded CSV,Negative,0.9997,Frustration,"[""Forms"", ""Clear""]","[""forms"", ""clear"", ""all""]",forms are not clear at all,0.9997,"[{""aspect"": ""Forms Clear"", ""sentiment"": ""Negative""}]"
FB0240,2026-09-25,Love the library :) but there are hardly any seats,Uploaded CSV,Mixed,0.99,Concern,"[""Hardly Any Seats"", ""Love""]","[""hardly any seats"", ""love"", ""there"", ""library""]",Love the library :) but there are hardly any seats,0.99,"[{""aspect"": ""Love Library"", ""sentiment"": ""Positive""}, {""aspect"": ""There Hardly"", ""sentiment"": ""Neutral""}]"
FB0241,2026-08-02,not enough working PCs,Uploaded CSV,Negative,0.9997,Frustration,"[""Pcs""]","[""pcs""]",not enough working PCs,0.9997,"[{""aspect"": ""Working Pcs"", ""sentiment"": ""Negative""}]"
FB0242,2026-08-02,library staff is helpful,Uploaded CSV,Positive,0.9997,Joy,"[""Library Staff""]","[""library staff""]",library staff is helpful,0.9997,"[{""aspect"": ""Library Staff"", ""sentiment"": ""Positive""}]"
FB0243,2026-09-24,admin replies very late,Uploaded CSV,Negative,0.9977,Frustration,"[""Admin Replies""]","[""admin replies"", ""late""]",admin replies very late,0.9977,"[{""aspect"": ""Admin Replies"", ""sentiment"": ""Negative""}]"
FB0244,2026-07-07,Wi-Fi is sooo slow in the evening 😡...,Uploaded CSV,Negative,0.9985,Anger,"[""Wi-Fi"", ""Evening""]","[""sooo slow"", ""wi-fi"", ""evening""]",Wi-Fi is sooo slow in the evening 😡...,0.9985,"[{""aspect"": ""Wi-Fi Sooo"", ""sentiment"": ""Negative""}]"
FB0245,2026-08-06,building looks nice but the lift is always broken,Uploaded CSV,Mixed,0.9982,Concern,"[""Always Broken"", ""Building""]","[""always broken"", ""building"", ""nice"", ""lift""]",building looks nice but the lift is always broken,0.9982,"[{""aspect"": ""Building Looks"", ""sentiment"": ""Positive""}, {""aspect"": ""Lift Always"", ""sentiment"": ""Negative""}]"
FB0246,2026-08-02,not enough interview rooms,Uploaded CSV,Negative,0.9994,Frustration,"[""Interview Rooms""]","[""interview rooms""]",not enough interview rooms,0.9994,"[{""aspect"": ""Interview Rooms"", ""sentiment"": ""Negative""}]"
FB0247,2026-08-02,prices are too high for the portion,Uploaded CSV,Negative,0.999,Frustration,"[""Portion"", ""Prices""]","[""portion"", ""prices"", ""high""]",prices are too high for the portion,0.999,"[{""aspect"": ""Prices"", ""sentiment"": ""Negative""}]"
FB0248,2026-08-03,not enough interview rooms,Uploaded CSV,Negative,0.9994,Frustration,"[""Interview Rooms""]","[""interview rooms""]",not enough interview rooms,0.9994,"[{""aspect"": ""Interview Rooms"", ""sentiment"": ""Negative""}]"
FB0249,2026-07-28,not enough healthy options tbh,Uploaded CSV,Negative,0.9991,Frustration,"[""Healthy Options""]","[""healthy options""]",not enough healthy options tbh,0.9991,"[{""aspect"": ""Healthy Options"", ""sentiment"": ""Negative""}]"
FB0250,2026-09-10,PCs are fine now 👍,Uploaded CSV,Positive,0.9981,Satisfaction,"[""Now"", ""Pcs""]","[""now"", ""pcs""]",PCs are fine now 👍,0.9981,"[{""aspect"": ""Pcs Now"", ""sentiment"": ""Positive""}]"
FB0251,2026-08-02,registration process is confusing,Uploaded CSV,Negative,0.9992,Frustration,"[""Registration Process""]","[""registration process"", ""confusing""]",registration process is confusing,0.9992,"[{""aspect"": ""Registration Process"", ""sentiment"": ""Negative""}]"
FB0252,2026-08-02,the library timings are not enough for evening study,Uploaded CSV,Negative,0.9995,Frustration,"[""Evening Study"", ""Library Timings""]","[""evening study"", ""library timings""]",the library timings are not enough for evening study,0.9995,"[{""aspect"": ""Library Timings"", ""sentiment"": ""Negative""}]"
FB0253,2026-08-28,PCs are fine now 👍,Uploaded CSV,Positive,0.9981,Satisfaction,"[""Now"", ""Pcs""]","[""now"", ""pcs""]",PCs are fine now 👍,0.9981,"[{""aspect"": ""Pcs Now"", ""sentiment"": ""Positive""}]"
FB0254,2026-06-25,lab is good but half the machines are dead,Uploaded CSV,Mixed,0.9944,Concern,"[""Half"", ""Machines""]","[""half"", ""machines"", ""dead"", ""lab""]",lab is good but half the machines are dead,0.9944,"[{""aspect"": ""Lab"", ""sentiment"": ""Positive""}, {""aspect"": ""Half Machines"", ""sentiment"": ""Negative""}]"
FB0255,2026-07-18,placements look better this semester 👍,Uploaded CSV,Negative,0.9833,Frustration,"[""Placements"", ""Semester""]","[""placements"", ""semester""]",placements look better this semester 👍,0.9833,"[{""aspect"": ""Placements Look"", ""sentiment"": ""Negative""}]"
FB0256,2026-08-06,new classrooms are really good!,Uploaded CSV,Positive,0.9999,Satisfaction,"[""New Classrooms""]","[""new classrooms""]",new classrooms are really good!,0.9999,"[{""aspect"": ""New Classrooms"", ""sentiment"": ""Positive""}]"
FB0257,2026-08-02,net  is fine in the morning but terrible later,Uploaded CSV,Mixed,0.9912,Concern,"[""Net"", ""Morning""]","[""net"", ""morning"", ""later""]",net is fine in the morning but terrible later,0.9912,"[{""aspect"": ""Net Morning"", ""sentiment"": ""Positive""}, {""aspect"": ""Later"", ""sentiment"": ""Negative""}]"
FB0258,2026-07-07,forms are not clear at all,Uploaded CSV,Negative,0.9997,Frustration,"[""Forms"", ""Clear""]","[""forms"", ""clear"", ""all""]",forms are not clear at all,0.9997,"[{""aspect"": ""Forms Clear"", ""sentiment"": ""Negative""}]"
FB0259,2026-08-18,"classes  are okay, nothing special",Uploaded CSV,Negative,0.9397,Frustration,"[""Nothing Special"", ""Classes""]","[""nothing special"", ""classes""]","classes are okay, nothing special",0.9397,"[{""aspect"": ""Classes Nothing"", ""sentiment"": ""Negative""}]"
FB0260,2026-09-06,PCs are fine now 👍,Uploaded CSV,Positive,0.9981,Satisfaction,"[""Now"", ""Pcs""]","[""now"", ""pcs""]",PCs are fine now 👍,0.9981,"[{""aspect"": ""Pcs Now"", ""sentiment"": ""Positive""}]"
FB0261,2026-08-02,food is actually pretty good today!,Uploaded CSV,Positive,0.9999,Satisfaction,"[""Pretty"", ""Food""]","[""pretty"", ""food""]",food is actually pretty good today!,0.9999,"[{""aspect"": ""Food Pretty"", ""sentiment"": ""Positive""}]"
FB0262,2026-05-05,campus wifi is actually decent,Uploaded CSV,Positive,0.9996,Satisfaction,"[""Campus Wifi""]","[""campus wifi""]",campus wifi is actually decent,0.9996,"[{""aspect"": ""Campus Wifi"", ""sentiment"": ""Positive""}]"
FB0263,2026-07-08,classrooms are clean and comfortable,Uploaded CSV,Positive,0.9998,Satisfaction,"[""New Classrooms"", ""Clean""]","[""classrooms"", ""clean""]",classrooms are clean and comfortable,0.9998,"[{""aspect"": ""Classrooms Clean"", ""sentiment"": ""Positive""}]"
FB0264,2026-06-16,washroom cleaning is much better now,Uploaded CSV,Positive,0.9696,Satisfaction,"[""Washroom Cleaning"", ""Now""]","[""washroom cleaning"", ""now""]",washroom cleaning is much better now,0.9696,"[{""aspect"": ""Washroom Cleaning"", ""sentiment"": ""Positive""}]"
FB0265,2026-07-02,new classrooms are really good!,Uploaded CSV,Positive,0.9999,Satisfaction,"[""New Classrooms""]","[""new classrooms""]",new classrooms are really good!,0.9999,"[{""aspect"": ""New Classrooms"", ""sentiment"": ""Positive""}]"
FB0266,2026-11-08,forms are not clear at all?!,Uploaded CSV,Negative,0.9998,Frustration,"[""Forms"", ""Clear""]","[""forms"", ""clear"", ""all""]",forms are not clear at all?!,0.9998,"[{""aspect"": ""Forms Clear"", ""sentiment"": ""Negative""}]"
FB0267,2026-08-02,the library timings are not enough for evening study,Uploaded CSV,Negative,0.9995,Frustration,"[""Evening Study"", ""Library Timings""]","[""evening study"", ""library timings""]",the library timings are not enough for evening study,0.9995,"[{""aspect"": ""Library Timings"", ""sentiment"": ""Negative""}]"
FB0268,2026-09-11,faculty is sooo goooddddd :D,Uploaded CSV,Negative,0.9941,Frustration,"[""Sooo Goooddddd"", ""Faculty""]","[""sooo goooddddd"", ""faculty""]",faculty is sooo goooddddd :D,0.9941,"[{""aspect"": ""Faculty Sooo"", ""sentiment"": ""Negative""}]"
FB0269,2026-06-01,lift doesnt work sometimes,Uploaded CSV,Negative,0.9955,Frustration,"[""Lift""]","[""lift""]",lift doesnt work sometimes,0.9955,"[{""aspect"": ""Lift"", ""sentiment"": ""Negative""}]"
FB0270,2026-07-17,software installation takes forever,Uploaded CSV,Negative,0.9462,Frustration,"[""Software Installation Takes"", ""Installation Takes Forever""]","[""software installation takes"", ""installation takes forever""]",software installation takes forever,0.9462,"[{""aspect"": ""Software Installation"", ""sentiment"": ""Negative""}]"
FB0271,2026-08-03,software installation takes forever,Uploaded CSV,Negative,0.9462,Frustration,"[""Software Installation Takes"", ""Installation Takes Forever""]","[""software installation takes"", ""installation takes forever""]",software installation takes forever,0.9462,"[{""aspect"": ""Software Installation"", ""sentiment"": ""Negative""}]"
FB0272,2026-08-03,lift doesnt work sometimes,Uploaded CSV,Negative,0.9955,Frustration,"[""Lift""]","[""lift""]",lift doesnt work sometimes,0.9955,"[{""aspect"": ""Lift"", ""sentiment"": ""Negative""}]"
FB0273,2026-06-29,WiFi is not good after 6pm :(,Uploaded CSV,Negative,0.9997,Frustration,"[""After 6Pm"", ""Wi-Fi""]","[""after 6pm"", ""wifi""]",WiFi is not good after 6pm :(,0.9997,"[{""aspect"": ""Wifi After"", ""sentiment"": ""Negative""}]"
FB0274,2026-09-24,library staff is helpful,Uploaded CSV,Positive,0.9997,Joy,"[""Library Staff""]","[""library staff""]",library staff is helpful,0.9997,"[{""aspect"": ""Library Staff"", ""sentiment"": ""Positive""}]"
FB0275,2026-06-05,PCs are fine now 👍 ,Uploaded CSV,Positive,0.9981,Satisfaction,"[""Now"", ""Pcs""]","[""now"", ""pcs""]",PCs are fine now 👍,0.9981,"[{""aspect"": ""Pcs Now"", ""sentiment"": ""Positive""}]"
FB0276,2026-08-03,campus wifi is actually decent,Uploaded CSV,Positive,0.9996,Satisfaction,"[""Campus Wifi""]","[""campus wifi""]",campus wifi is actually decent,0.9996,"[{""aspect"": ""Campus Wifi"", ""sentiment"": ""Positive""}]"
FB0277,2026-08-03,Love the library :) but there are hardly any seats,Uploaded CSV,Mixed,0.99,Concern,"[""Hardly Any Seats"", ""Love""]","[""hardly any seats"", ""love"", ""there"", ""library""]",Love the library :) but there are hardly any seats,0.99,"[{""aspect"": ""Love Library"", ""sentiment"": ""Positive""}, {""aspect"": ""There Hardly"", ""sentiment"": ""Neutral""}]"
FB0278,2026-09-04,too many last minute changes in placement schedule,Uploaded CSV,Negative,0.9995,Frustration,"[""Last Minute Changes"", ""Placement Schedule""]","[""last minute changes"", ""placement schedule""]",too many last minute changes in placement schedule,0.9995,"[{""aspect"": ""Last Minute Changes Placement Schedule"", ""sentiment"": ""Negative""}]"
FB0279,2026-06-19,not enough interview rooms,Uploaded CSV,Negative,0.9994,Frustration,"[""Interview Rooms""]","[""interview rooms""]",not enough interview rooms,0.9994,"[{""aspect"": ""Interview Rooms"", ""sentiment"": ""Negative""}]"
FB0280,2026-08-01,placement cell is helpful but communication is slow,Uploaded CSV,Negative,0.9976,Frustration,"[""Placement Cell"", ""Communication""]","[""placement cell"", ""communication"", ""slow""]",placement cell is helpful but communication is slow,0.9976,"[{""aspect"": ""Placement Cell"", ""sentiment"": ""Positive""}, {""aspect"": ""Communication"", ""sentiment"": ""Negative""}]"
FB0281,2026-08-03,companies were actually good this year,Uploaded CSV,Positive,0.9999,Satisfaction,"[""Year"", ""Companies""]","[""year"", ""companies""]",companies were actually good this year,0.9999,"[{""aspect"": ""Companies Year"", ""sentiment"": ""Positive""}]"
FB0282,2026-08-03,notes are useful but examples are missing,Uploaded CSV,Mixed,0.9976,Concern,"[""Notes"", ""Examples""]","[""notes"", ""examples"", ""missing"", ""useful""]",notes are useful but examples are missing,0.9976,"[{""aspect"": ""Notes Useful"", ""sentiment"": ""Positive""}, {""aspect"": ""Examples Missing"", ""sentiment"": ""Negative""}]"
FB0283,2026-07-18,lift doesnt work sometimes,Uploaded CSV,Negative,0.9955,Frustration,"[""Lift""]","[""lift""]",lift doesnt work sometimes,0.9955,"[{""aspect"": ""Lift"", ""sentiment"": ""Negative""}]"
FB0284,2026-06-24,washrooms need better maintenance,Uploaded CSV,Negative,0.9985,Frustration,"[""Washrooms""]","[""washrooms"", ""maintenance""]",washrooms need better maintenance,0.9985,"[{""aspect"": ""Washrooms"", ""sentiment"": ""Negative""}]"
FB0285,2026-06-27,the library timings are not enough for evening study,Uploaded CSV,Negative,0.9995,Frustration,"[""Evening Study"", ""Library Timings""]","[""evening study"", ""library timings""]",the library timings are not enough for evening study,0.9995,"[{""aspect"": ""Library Timings"", ""sentiment"": ""Negative""}]"
FB0286,2026-02-06,Wi-Fi is sooo slow in the evening 😡,Uploaded CSV,Negative,0.9983,Anger,"[""Wi-Fi"", ""Evening""]","[""sooo slow"", ""wi-fi"", ""evening""]",Wi-Fi is sooo slow in the evening 😡,0.9983,"[{""aspect"": ""Wi-Fi Sooo"", ""sentiment"": ""Negative""}]"
FB0287,2026-06-08,not enough healthy options tbh,Uploaded CSV,Negative,0.9991,Frustration,"[""Healthy Options""]","[""healthy options""]",not enough healthy options tbh,0.9991,"[{""aspect"": ""Healthy Options"", ""sentiment"": ""Negative""}]"
FB0288,2026-06-30,professor doesnt explain doubts properly,Uploaded CSV,Negative,0.9997,Frustration,"[""Explain Doubts Properly"", ""Professor""]","[""explain doubts properly"", ""professor""]",professor doesnt explain doubts properly,0.9997,"[{""aspect"": ""Professor Doesnt"", ""sentiment"": ""Negative""}]"
FB0289,2026-08-15,classrooms are clean and comfortable,Uploaded CSV,Positive,0.9998,Satisfaction,"[""New Classrooms"", ""Clean""]","[""classrooms"", ""clean""]",classrooms are clean and comfortable,0.9998,"[{""aspect"": ""Classrooms Clean"", ""sentiment"": ""Positive""}]"
FB0290,2026-06-18,campus wifi is actually decent,Uploaded CSV,Positive,0.9996,Satisfaction,"[""Campus Wifi""]","[""campus wifi""]",campus wifi is actually decent,0.9996,"[{""aspect"": ""Campus Wifi"", ""sentiment"": ""Positive""}]"
FB0291,2026-08-03,canteen is clean but food quality needs work,Uploaded CSV,Negative,0.9558,Frustration,"[""Food Quality"", ""Clean""]","[""food quality"", ""clean"", ""canteen""]",canteen is clean but food quality needs work,0.9558,"[{""aspect"": ""Canteen Clean"", ""sentiment"": ""Positive""}, {""aspect"": ""Food Quality"", ""sentiment"": ""Negative""}]"
FB0292,2026-10-08,Network dies during online tests!!!,Uploaded CSV,Negative,0.9998,Frustration,"[""Online Tests"", ""Network""]","[""network dies"", ""online tests""]",Network dies during online tests!!!,0.9998,"[{""aspect"": ""Network"", ""sentiment"": ""Negative""}]"
FB0293,2026-07-04,"classes are okay, nothing special",Uploaded CSV,Negative,0.9397,Frustration,"[""Nothing Special"", ""Classes""]","[""nothing special"", ""classes""]","classes are okay, nothing special",0.9397,"[{""aspect"": ""Classes Nothing"", ""sentiment"": ""Negative""}]"
FB0294,2026-08-06,Network dies during online tests!!!,Uploaded CSV,Negative,0.9998,Frustration,"[""Online Tests"", ""Network""]","[""network dies"", ""online tests""]",Network dies during online tests!!!,0.9998,"[{""aspect"": ""Network"", ""sentiment"": ""Negative""}]"
FB0295,2026-07-27,library staff is helpful,Uploaded CSV,Positive,0.9997,Joy,"[""Library Staff""]","[""library staff""]",library staff is helpful,0.9997,"[{""aspect"": ""Library Staff"", ""sentiment"": ""Positive""}]"
FB0296,2026-08-04,lift doesnt work sometimes,Uploaded CSV,Negative,0.9955,Frustration,"[""Lift""]","[""lift""]",lift doesnt work sometimes,0.9955,"[{""aspect"": ""Lift"", ""sentiment"": ""Negative""}]"
FB0297,2026-08-05,campus wifi is actually decent,Uploaded CSV,Positive,0.9996,Satisfaction,"[""Campus Wifi""]","[""campus wifi""]",campus wifi is actually decent,0.9996,"[{""aspect"": ""Campus Wifi"", ""sentiment"": ""Positive""}]"
FB0298,2026-08-02,forms are not clear at all,Uploaded CSV,Negative,0.9997,Frustration,"[""Forms"", ""Clear""]","[""forms"", ""clear"", ""all""]",forms are not clear at all,0.9997,"[{""aspect"": ""Forms Clear"", ""sentiment"": ""Negative""}]"
FB0299,2026-07-11,too many last minute changes,Uploaded CSV,Negative,0.998,Frustration,"[""Last Minute Changes""]","[""last minute changes""]",too many last minute changes,0.998,"[{""aspect"": ""Last Minute Changes"", ""sentiment"": ""Negative""}]"
FB0300,2026-08-18,food is actually pretty good today!,Uploaded CSV,Positive,0.9999,Satisfaction,"[""Pretty"", ""Food""]","[""pretty"", ""food""]",food is actually pretty good today!,0.9999,"[{""aspect"": ""Food Pretty"", ""sentiment"": ""Positive""}]"
FB0301,2026-07-07,washroom cleaning is much better now,Uploaded CSV,Positive,0.9696,Satisfaction,"[""Washroom Cleaning"", ""Now""]","[""washroom cleaning"", ""now""]",washroom cleaning is much better now,0.9696,"[{""aspect"": ""Washroom Cleaning"", ""sentiment"": ""Positive""}]"
FB0302,2026-08-04,lab is good but half the machines are dead :),Uploaded CSV,Negative,0.9961,Frustration,"[""Half"", ""Machines""]","[""half"", ""machines"", ""dead"", ""lab""]",lab is good but half the machines are dead :),0.9961,"[{""aspect"": ""Lab"", ""sentiment"": ""Positive""}, {""aspect"": ""Half Machines"", ""sentiment"": ""Negative""}]"
FB0303,2026-09-07,library staff is helpful,Uploaded CSV,Positive,0.9997,Joy,"[""Library Staff""]","[""library staff""]",library staff is helpful,0.9997,"[{""aspect"": ""Library Staff"", ""sentiment"": ""Positive""}]"
FB0304,2026-07-22,faculty is sooo goooddddd :D,Uploaded CSV,Negative,0.9941,Frustration,"[""Sooo Goooddddd"", ""Faculty""]","[""sooo goooddddd"", ""faculty""]",faculty is sooo goooddddd :D,0.9941,"[{""aspect"": ""Faculty Sooo"", ""sentiment"": ""Negative""}]"
FB0305,2026-09-01,parking is a mess during peak hours,Uploaded CSV,Negative,0.9998,Frustration,"[""Peak Hours"", ""Parking""]","[""peak hours"", ""parking"", ""mess""]",parking is a mess during peak hours,0.9998,"[{""aspect"": ""Parking Mess"", ""sentiment"": ""Negative""}]"
FB0306,2026-08-04,library is quiet and useful,Uploaded CSV,Positive,0.9992,Joy,"[""Quiet"", ""Useful""]","[""quiet"", ""useful"", ""library""]",library is quiet and useful,0.9992,"[{""aspect"": ""Library Quiet"", ""sentiment"": ""Positive""}]"
FB0307,2026-08-04,canteen ka food achha nahi hai yaar,Uploaded CSV,Negative,0.9246,Frustration,"[""Canteen Ka Food"", ""Nahi""]","[""canteen ka food"", ""nahi""]",canteen ka food achha nahi hai yaar,0.9246,"[{""aspect"": ""Canteen Ka"", ""sentiment"": ""Negative""}]"
FB0308,2026-09-12,library is great but closes too early,Uploaded CSV,Negative,0.9929,Frustration,"[""Library""]","[""early"", ""library""]",library is great but closes too early,0.9929,"[{""aspect"": ""Library"", ""sentiment"": ""Positive""}, {""aspect"": ""Closes Early"", ""sentiment"": ""Negative""}]"
FB0309,2026-08-10,canteen food is bad :(,Uploaded CSV,Negative,0.9997,Frustration,"[""Canteen Food""]","[""canteen food""]",canteen food is bad :(,0.9997,"[{""aspect"": ""Canteen Food"", ""sentiment"": ""Negative""}]"
FB0310,2026-09-19,lift doesnt work sometimes,Uploaded CSV,Negative,0.9955,Frustration,"[""Lift""]","[""lift""]",lift doesnt work sometimes,0.9955,"[{""aspect"": ""Lift"", ""sentiment"": ""Negative""}]"
FB0311,2026-08-04,campus wifi is actually decent,Uploaded CSV,Positive,0.9996,Satisfaction,"[""Campus Wifi""]","[""campus wifi""]",campus wifi is actually decent,0.9996,"[{""aspect"": ""Campus Wifi"", ""sentiment"": ""Positive""}]"
FB0312,2026-08-04,"books are good, but the AC is too cold 😭",Uploaded CSV,Mixed,0.9965,Frustration,"[""Books"", ""Ac""]","[""books"", ""ac"", ""cold""]","books are good, but the AC is too cold 😭",0.9965,"[{""aspect"": ""Books"", ""sentiment"": ""Positive""}, {""aspect"": ""Ac Cold"", ""sentiment"": ""Negative""}]"
FB0313,2026-07-15,admin replies very late,Uploaded CSV,Negative,0.9977,Frustration,"[""Admin Replies""]","[""admin replies"", ""late""]",admin replies very late,0.9977,"[{""aspect"": ""Admin Replies"", ""sentiment"": ""Negative""}]"
FB0314,2026-08-12,lift doesnt work sometimes,Uploaded CSV,Negative,0.9955,Frustration,"[""Lift""]","[""lift""]",lift doesnt work sometimes,0.9955,"[{""aspect"": ""Lift"", ""sentiment"": ""Negative""}]"
FB0315,2026-09-06,faculty is sooo goooddddd :D,Uploaded CSV,Negative,0.9941,Frustration,"[""Sooo Goooddddd"", ""Faculty""]","[""sooo goooddddd"", ""faculty""]",faculty is sooo goooddddd :D,0.9941,"[{""aspect"": ""Faculty Sooo"", ""sentiment"": ""Negative""}]"
FB0316,2026-05-06,campus wifi is actually decent,Uploaded CSV,Positive,0.9996,Satisfaction,"[""Campus Wifi""]","[""campus wifi""]",campus wifi is actually decent,0.9996,"[{""aspect"": ""Campus Wifi"", ""sentiment"": ""Positive""}]"
FB0317,2026-08-04,projector wasnt working in class,Uploaded CSV,Negative,0.9982,Frustration,"[""Projector"", ""Classes""]","[""projector"", ""class""]",projector wasnt working in class,0.9982,"[{""aspect"": ""Projector"", ""sentiment"": ""Negative""}]"
FB0318,2026-09-03,food quality has improved 👍,Uploaded CSV,Positive,0.9996,Joy,"[""Food Quality"", ""Improved""]","[""food quality"", ""improved""]",food quality has improved 👍,0.9996,"[{""aspect"": ""Food Quality"", ""sentiment"": ""Positive""}]"
FB0319,2026-08-04,wifi barely works in block B,Uploaded CSV,Negative,0.9994,Frustration,"[""Block"", ""Wi-Fi""]","[""wifi barely"", ""block""]",wifi barely works in block B,0.9994,"[{""aspect"": ""Wifi"", ""sentiment"": ""Negative""}]"
FB0320,2026-07-09,too many last minute changes in placement schedule?!,Uploaded CSV,Negative,0.9997,Frustration,"[""Last Minute Changes"", ""Placement Schedule""]","[""last minute changes"", ""placement schedule""]",too many last minute changes in placement schedule?!,0.9997,"[{""aspect"": ""Last Minute Changes Placement Schedule"", ""sentiment"": ""Negative""}]"
FB0321,2026-08-05,lift doesnt work sometimes,Uploaded CSV,Negative,0.9955,Frustration,"[""Lift""]","[""lift""]",lift doesnt work sometimes,0.9955,"[{""aspect"": ""Lift"", ""sentiment"": ""Negative""}]"
FB0322,2026-05-06,canteen food is bad :(,Uploaded CSV,Negative,0.9997,Frustration,"[""Canteen Food""]","[""canteen food""]",canteen food is bad :(,0.9997,"[{""aspect"": ""Canteen Food"", ""sentiment"": ""Negative""}]"
FB0323,2026-07-24,office staff is helpful but the queue is too long,Uploaded CSV,Negative,0.9992,Frustration,"[""Office Staff"", ""Queue""]","[""office staff"", ""queue"", ""long""]",office staff is helpful but the queue is too long,0.9992,"[{""aspect"": ""Office Staff"", ""sentiment"": ""Positive""}, {""aspect"": ""Queue Long"", ""sentiment"": ""Negative""}]"
FB0324,2026-06-14,not enough working PCs,Uploaded CSV,Negative,0.9997,Frustration,"[""Pcs""]","[""pcs""]",not enough working PCs,0.9997,"[{""aspect"": ""Working Pcs"", ""sentiment"": ""Negative""}]"
FB0325,2026-08-25,washroom cleaning is much better now,Uploaded CSV,Positive,0.9696,Satisfaction,"[""Washroom Cleaning"", ""Now""]","[""washroom cleaning"", ""now""]",washroom cleaning is much better now,0.9696,"[{""aspect"": ""Washroom Cleaning"", ""sentiment"": ""Positive""}]"
FB0326,2026-06-05,documents were processed quickly :),Uploaded CSV,Negative,0.9885,Frustration,"[""Processed Quickly"", ""Documents""]","[""processed quickly"", ""documents""]",documents were processed quickly :),0.9885,"[{""aspect"": ""Documents Processed"", ""sentiment"": ""Negative""}]"
FB0327,2026-08-05,faculty is sooo goooddddd :D,Uploaded CSV,Negative,0.9941,Frustration,"[""Sooo Goooddddd"", ""Faculty""]","[""sooo goooddddd"", ""faculty""]",faculty is sooo goooddddd :D,0.9941,"[{""aspect"": ""Faculty Sooo"", ""sentiment"": ""Negative""}]"
FB0328,2026-09-07,internet keeps disconnecting every few mins!!!,Uploaded CSV,Negative,0.9973,Frustration,"[""Disconnecting Every"", ""Internet""]","[""disconnecting every"", ""internet"", ""mins""]",internet keeps disconnecting every few mins!!!,0.9973,"[{""aspect"": ""Internet Keeps"", ""sentiment"": ""Negative""}]"
FB0329,2026-05-31,canteen is clean but food quality needs work...,Uploaded CSV,Negative,0.9633,Frustration,"[""Food Quality"", ""Clean""]","[""food quality"", ""clean"", ""canteen""]",canteen is clean but food quality needs work...,0.9633,"[{""aspect"": ""Canteen Clean"", ""sentiment"": ""Positive""}, {""aspect"": ""Food Quality"", ""sentiment"": ""Negative""}]"
FB0330,2026-07-18,office staff is helpful but the queue is too long,Uploaded CSV,Negative,0.9992,Frustration,"[""Office Staff"", ""Queue""]","[""office staff"", ""queue"", ""long""]",office staff is helpful but the queue is too long,0.9992,"[{""aspect"": ""Office Staff"", ""sentiment"": ""Positive""}, {""aspect"": ""Queue Long"", ""sentiment"": ""Negative""}]"
FB0331,2026-08-05,"classes are okay, nothing special",Uploaded CSV,Negative,0.9397,Frustration,"[""Nothing Special"", ""Classes""]","[""nothing special"", ""classes""]","classes are okay, nothing special",0.9397,"[{""aspect"": ""Classes Nothing"", ""sentiment"": ""Negative""}]"
FB0332,2026-08-05,net is fine in the morning but terrible later,Uploaded CSV,Mixed,0.9912,Concern,"[""Net"", ""Morning""]","[""net"", ""morning"", ""later""]",net is fine in the morning but terrible later,0.9912,"[{""aspect"": ""Net Morning"", ""sentiment"": ""Positive""}, {""aspect"": ""Later"", ""sentiment"": ""Negative""}]"
FB0333,2026-08-13,library is quiet and useful,Uploaded CSV,Positive,0.9992,Joy,"[""Quiet"", ""Useful""]","[""quiet"", ""useful"", ""library""]",library is quiet and useful,0.9992,"[{""aspect"": ""Library Quiet"", ""sentiment"": ""Positive""}]"
FB0334,2026-07-07,placement cell is helpful but communication is slow,Uploaded CSV,Negative,0.9976,Frustration,"[""Placement Cell"", ""Communication""]","[""placement cell"", ""communication"", ""slow""]",placement cell is helpful but communication is slow,0.9976,"[{""aspect"": ""Placement Cell"", ""sentiment"": ""Positive""}, {""aspect"": ""Communication"", ""sentiment"": ""Negative""}]"
FB0335,2026-07-11,the library timings are not enough for evening study,Uploaded CSV,Negative,0.9995,Frustration,"[""Evening Study"", ""Library Timings""]","[""evening study"", ""library timings""]",the library timings are not enough for evening study,0.9995,"[{""aspect"": ""Library Timings"", ""sentiment"": ""Negative""}]"
FB0336,2026-08-05,canteen ka food achha nahi hai yaar,Uploaded CSV,Negative,0.9246,Frustration,"[""Canteen Ka Food"", ""Nahi""]","[""canteen ka food"", ""nahi""]",canteen ka food achha nahi hai yaar,0.9246,"[{""aspect"": ""Canteen Ka"", ""sentiment"": ""Negative""}]"
FB0337,2026-02-06,lift doesnt work sometimes,Uploaded CSV,Negative,0.9955,Frustration,"[""Lift""]","[""lift""]",lift doesnt work sometimes,0.9955,"[{""aspect"": ""Lift"", ""sentiment"": ""Negative""}]"
FB0338,2026-07-21,not enough interview rooms,Uploaded CSV,Negative,0.9994,Frustration,"[""Interview Rooms""]","[""interview rooms""]",not enough interview rooms,0.9994,"[{""aspect"": ""Interview Rooms"", ""sentiment"": ""Negative""}]"
FB0339,2026-09-07,PCs are fine now 👍?!,Uploaded CSV,Positive,0.9843,Satisfaction,"[""Now"", ""Pcs""]","[""now"", ""pcs""]",PCs are fine now 👍?!,0.9843,"[{""aspect"": ""Pcs Now"", ""sentiment"": ""Positive""}]"
FB0340,2026-08-06,food is actually pretty good today! 😡,Uploaded CSV,Positive,0.9999,Anger,"[""Pretty"", ""Food""]","[""pretty"", ""food""]",food is actually pretty good today! 😡,0.9999,"[{""aspect"": ""Food Pretty"", ""sentiment"": ""Positive""}]"
FB0341,2026-08-05,"classes are okay, nothing special",Uploaded CSV,Negative,0.9397,Frustration,"[""Nothing Special"", ""Classes""]","[""nothing special"", ""classes""]","classes are okay, nothing special",0.9397,"[{""aspect"": ""Classes Nothing"", ""sentiment"": ""Negative""}]"
FB0342,2026-03-06,not enough healthy options tbh,Uploaded CSV,Negative,0.9991,Frustration,"[""Healthy Options""]","[""healthy options""]",not enough healthy options tbh,0.9991,"[{""aspect"": ""Healthy Options"", ""sentiment"": ""Negative""}]"
FB0343,2026-09-06,some teachers are helpful but lectures feel rushed,Uploaded CSV,Negative,0.997,Frustration,"[""Teachers"", ""Rushed""]","[""teachers"", ""rushed"", ""lectures""]",some teachers are helpful but lectures feel rushed,0.997,"[{""aspect"": ""Some Teachers"", ""sentiment"": ""Positive""}, {""aspect"": ""Lectures Feel"", ""sentiment"": ""Negative""}]"
FB0344,2026-08-19,Love the library :) but there are hardly any seats,Uploaded CSV,Mixed,0.99,Concern,"[""Hardly Any Seats"", ""Love""]","[""hardly any seats"", ""love"", ""there"", ""library""]",Love the library :) but there are hardly any seats,0.99,"[{""aspect"": ""Love Library"", ""sentiment"": ""Positive""}, {""aspect"": ""There Hardly"", ""sentiment"": ""Neutral""}]"
FB0345,2026-09-05,fees payment was smooth this time,Uploaded CSV,Neutral,0.5813,Neutral,"[""Fees Payment"", ""Smooth""]","[""fees payment"", ""smooth"", ""time""]",fees payment was smooth this time,0.5813,"[{""aspect"": ""Fees Payment"", ""sentiment"": ""Neutral""}]"
FB0346,2026-12-07,office staff is helpful but the queue is too long,Uploaded CSV,Negative,0.9992,Frustration,"[""Office Staff"", ""Queue""]","[""office staff"", ""queue"", ""long""]",office staff is helpful but the queue is too long,0.9992,"[{""aspect"": ""Office Staff"", ""sentiment"": ""Positive""}, {""aspect"": ""Queue Long"", ""sentiment"": ""Negative""}]"
FB0347,2026-09-05,building looks nice but the lift is always broken,Uploaded CSV,Mixed,0.9982,Concern,"[""Always Broken"", ""Building""]","[""always broken"", ""building"", ""nice"", ""lift""]",building looks nice but the lift is always broken,0.9982,"[{""aspect"": ""Building Looks"", ""sentiment"": ""Positive""}, {""aspect"": ""Lift Always"", ""sentiment"": ""Negative""}]"
FB0348,2026-09-10,fees payment was smooth this time,Uploaded CSV,Neutral,0.5813,Neutral,"[""Fees Payment"", ""Smooth""]","[""fees payment"", ""smooth"", ""time""]",fees payment was smooth this time,0.5813,"[{""aspect"": ""Fees Payment"", ""sentiment"": ""Neutral""}]"
FB0349,2026-08-03,software installation takes forever,Uploaded CSV,Negative,0.9462,Frustration,"[""Software Installation Takes"", ""Installation Takes Forever""]","[""software installation takes"", ""installation takes forever""]",software installation takes forever,0.9462,"[{""aspect"": ""Software Installation"", ""sentiment"": ""Negative""}]"
FB0350,2026-06-07,library is quiet and useful,Uploaded CSV,Positive,0.9992,Joy,"[""Quiet"", ""Useful""]","[""quiet"", ""useful"", ""library""]",library is quiet and useful,0.9992,"[{""aspect"": ""Library Quiet"", ""sentiment"": ""Positive""}]"
FB0351,2026-08-06,new classrooms are really good!,Uploaded CSV,Positive,0.9999,Satisfaction,"[""New Classrooms""]","[""new classrooms""]",new classrooms are really good!,0.9999,"[{""aspect"": ""New Classrooms"", ""sentiment"": ""Positive""}]"
FB0352,2026-08-06,"books are good, but the AC is too cold",Uploaded CSV,Mixed,0.9972,Concern,"[""Books"", ""Ac""]","[""books"", ""ac"", ""cold""]","books are good, but the AC is too cold",0.9972,"[{""aspect"": ""Books"", ""sentiment"": ""Positive""}, {""aspect"": ""Ac Cold"", ""sentiment"": ""Negative""}]"
FB0353,2026-09-10,documents were processed quickly :),Uploaded CSV,Negative,0.9885,Frustration,"[""Processed Quickly"", ""Documents""]","[""processed quickly"", ""documents""]",documents were processed quickly :),0.9885,"[{""aspect"": ""Documents Processed"", ""sentiment"": ""Negative""}]"
FB0354,2026-08-12,wifi bahut slow hai yaar 😭,Uploaded CSV,Negative,0.9906,Frustration,"[""Wifi Bahut""]","[""wifi bahut slow""]",wifi bahut slow hai yaar 😭,0.9906,"[{""aspect"": ""Wifi Bahut"", ""sentiment"": ""Negative""}]"
FB0355,2026-08-03,"classes are okay, nothing special",Uploaded CSV,Negative,0.9397,Frustration,"[""Nothing Special"", ""Classes""]","[""nothing special"", ""classes""]","classes are okay, nothing special",0.9397,"[{""aspect"": ""Classes Nothing"", ""sentiment"": ""Negative""}]"
FB0356,2026-08-06,canteen food is bad :(,Uploaded CSV,Negative,0.9997,Frustration,"[""Canteen Food""]","[""canteen food""]",canteen food is bad :(,0.9997,"[{""aspect"": ""Canteen Food"", ""sentiment"": ""Negative""}]"
FB0357,2026-06-05,"books are good, but the AC is too cold",Uploaded CSV,Mixed,0.9972,Concern,"[""Books"", ""Ac""]","[""books"", ""ac"", ""cold""]","books are good, but the AC is too cold",0.9972,"[{""aspect"": ""Books"", ""sentiment"": ""Positive""}, {""aspect"": ""Ac Cold"", ""sentiment"": ""Negative""}]"
FB0358,2026-08-07,notes are useful but examples are missing,Uploaded CSV,Mixed,0.9976,Concern,"[""Notes"", ""Examples""]","[""notes"", ""examples"", ""missing"", ""useful""]",notes are useful but examples are missing,0.9976,"[{""aspect"": ""Notes Useful"", ""sentiment"": ""Positive""}, {""aspect"": ""Examples Missing"", ""sentiment"": ""Negative""}]"
FB0359,2026-07-06,chai is good but lunch is sooo expensive,Uploaded CSV,Mixed,0.8008,Concern,"[""Sooo Expensive"", ""Chai""]","[""sooo expensive"", ""chai"", ""lunch""]",chai is good but lunch is sooo expensive,0.8008,"[{""aspect"": ""Chai"", ""sentiment"": ""Positive""}, {""aspect"": ""Lunch Sooo"", ""sentiment"": ""Negative""}]"
FB0360,2026-08-25,too many last minute changes in placement schedule,Uploaded CSV,Negative,0.9995,Frustration,"[""Last Minute Changes"", ""Placement Schedule""]","[""last minute changes"", ""placement schedule""]",too many last minute changes in placement schedule,0.9995,"[{""aspect"": ""Last Minute Changes Placement Schedule"", ""sentiment"": ""Negative""}]"
FB0361,2026-08-06,WiFi is not good after 6pm :(,Uploaded CSV,Negative,0.9997,Frustration,"[""After 6Pm"", ""Wi-Fi""]","[""after 6pm"", ""wifi""]",WiFi is not good after 6pm :(,0.9997,"[{""aspect"": ""Wifi After"", ""sentiment"": ""Negative""}]"
FB0362,2026-08-06,companies  were actually good this year,Uploaded CSV,Positive,0.9999,Satisfaction,"[""Year"", ""Companies""]","[""year"", ""companies""]",companies were actually good this year,0.9999,"[{""aspect"": ""Companies Year"", ""sentiment"": ""Positive""}]"
FB0363,2026-09-26,"books are good, but the AC is too cold",Uploaded CSV,Mixed,0.9972,Concern,"[""Books"", ""Ac""]","[""books"", ""ac"", ""cold""]","books are good, but the AC is too cold",0.9972,"[{""aspect"": ""Books"", ""sentiment"": ""Positive""}, {""aspect"": ""Ac Cold"", ""sentiment"": ""Negative""}]"
FB0364,2026-08-28,new classrooms are really good!,Uploaded CSV,Positive,0.9999,Satisfaction,"[""New Classrooms""]","[""new classrooms""]",new classrooms are really good!,0.9999,"[{""aspect"": ""New Classrooms"", ""sentiment"": ""Positive""}]"
FB0365,2026-06-10,placement process is confusing,Uploaded CSV,Negative,0.9992,Frustration,"[""Placement Process""]","[""placement process"", ""confusing""]",placement process is confusing,0.9992,"[{""aspect"": ""Placement Process"", ""sentiment"": ""Negative""}]"
FB0366,2026-10-08,software installation takes forever,Uploaded CSV,Negative,0.9462,Frustration,"[""Software Installation Takes"", ""Installation Takes Forever""]","[""software installation takes"", ""installation takes forever""]",software installation takes forever,0.9462,"[{""aspect"": ""Software Installation"", ""sentiment"": ""Negative""}]"
FB0367,2026-08-06,classrooms are clean and comfortable,Uploaded CSV,Positive,0.9998,Satisfaction,"[""New Classrooms"", ""Clean""]","[""classrooms"", ""clean""]",classrooms are clean and comfortable,0.9998,"[{""aspect"": ""Classrooms Clean"", ""sentiment"": ""Positive""}]"
FB0368,2026-08-05,library staff is helpful,Uploaded CSV,Positive,0.9997,Joy,"[""Library Staff""]","[""library staff""]",library staff is helpful,0.9997,"[{""aspect"": ""Library Staff"", ""sentiment"": ""Positive""}]"
FB0369,2026-06-23,washrooms need better maintenance,Uploaded CSV,Negative,0.9985,Frustration,"[""Washrooms""]","[""washrooms"", ""maintenance""]",washrooms need better maintenance,0.9985,"[{""aspect"": ""Washrooms"", ""sentiment"": ""Negative""}]"
FB0370,2026-08-01,"classes are okay, nothing special",Uploaded CSV,Negative,0.9397,Frustration,"[""Nothing Special"", ""Classes""]","[""nothing special"", ""classes""]","classes are okay, nothing special",0.9397,"[{""aspect"": ""Classes Nothing"", ""sentiment"": ""Negative""}]"
FB0371,2026-08-06,professor doesnt explain doubts properly,Uploaded CSV,Negative,0.9997,Frustration,"[""Explain Doubts Properly"", ""Professor""]","[""explain doubts properly"", ""professor""]",professor doesnt explain doubts properly,0.9997,"[{""aspect"": ""Professor Doesnt"", ""sentiment"": ""Negative""}]"
FB0372,2026-08-06,library is quiet and useful,Uploaded CSV,Positive,0.9992,Joy,"[""Quiet"", ""Useful""]","[""quiet"", ""useful"", ""library""]",library is quiet and useful,0.9992,"[{""aspect"": ""Library Quiet"", ""sentiment"": ""Positive""}]"
FB0373,2026-08-19,WiFi is not good after 6pm :(,Uploaded CSV,Negative,0.9997,Frustration,"[""After 6Pm"", ""Wi-Fi""]","[""after 6pm"", ""wifi""]",WiFi is not good after 6pm :(,0.9997,"[{""aspect"": ""Wifi After"", ""sentiment"": ""Negative""}]"
FB0374,2026-06-23,food quality has improved 👍,Uploaded CSV,Positive,0.9996,Joy,"[""Food Quality"", ""Improved""]","[""food quality"", ""improved""]",food quality has improved 👍,0.9996,"[{""aspect"": ""Food Quality"", ""sentiment"": ""Positive""}]"
FB0375,2026-07-16,canteen ka food achha nahi hai yaar,Uploaded CSV,Negative,0.9246,Frustration,"[""Canteen Ka Food"", ""Nahi""]","[""canteen ka food"", ""nahi""]",canteen ka food achha nahi hai yaar,0.9246,"[{""aspect"": ""Canteen Ka"", ""sentiment"": ""Negative""}]"
FB0376,2026-05-08,notes are useful but examples are missing,Uploaded CSV,Mixed,0.9976,Concern,"[""Notes"", ""Examples""]","[""notes"", ""examples"", ""missing"", ""useful""]",notes are useful but examples are missing,0.9976,"[{""aspect"": ""Notes Useful"", ""sentiment"": ""Positive""}, {""aspect"": ""Examples Missing"", ""sentiment"": ""Negative""}]"
FB0377,2026-10-06,admin replies very late,Uploaded CSV,Negative,0.9977,Frustration,"[""Admin Replies""]","[""admin replies"", ""late""]",admin replies very late,0.9977,"[{""aspect"": ""Admin Replies"", ""sentiment"": ""Negative""}]"
FB0378,2026-07-30,forms  are  not clear at all,Uploaded CSV,Negative,0.9997,Frustration,"[""Forms"", ""Clear""]","[""forms"", ""clear"", ""all""]",forms are not clear at all,0.9997,"[{""aspect"": ""Forms Clear"", ""sentiment"": ""Negative""}]"
FB0379,2026-08-06,lab bahut crowded hai during practicals,Uploaded CSV,Negative,0.9913,Frustration,"[""Lab Bahut Crowded"", ""Practicals""]","[""lab bahut crowded"", ""practicals""]",lab bahut crowded hai during practicals,0.9913,"[{""aspect"": ""Lab Bahut"", ""sentiment"": ""Negative""}]"
FB0380,2026-09-10,placement process is confusing,Uploaded CSV,Negative,0.9992,Frustration,"[""Placement Process""]","[""placement process"", ""confusing""]",placement process is confusing,0.9992,"[{""aspect"": ""Placement Process"", ""sentiment"": ""Negative""}]"
FB0381,2026-01-07,canteen is clean but food quality needs work,Uploaded CSV,Negative,0.9558,Frustration,"[""Food Quality"", ""Clean""]","[""food quality"", ""clean"", ""canteen""]",canteen is clean but food quality needs work,0.9558,"[{""aspect"": ""Canteen Clean"", ""sentiment"": ""Positive""}, {""aspect"": ""Food Quality"", ""sentiment"": ""Negative""}]"
FB0382,2026-06-07,lift doesnt work sometimes,Uploaded CSV,Negative,0.9955,Frustration,"[""Lift""]","[""lift""]",lift doesnt work sometimes,0.9955,"[{""aspect"": ""Lift"", ""sentiment"": ""Negative""}]"
FB0383,2026-06-21,library is quiet and useful,Uploaded CSV,Positive,0.9992,Joy,"[""Quiet"", ""Useful""]","[""quiet"", ""useful"", ""library""]",library is quiet and useful,0.9992,"[{""aspect"": ""Library Quiet"", ""sentiment"": ""Positive""}]"
FB0384,2026-06-18,lab is good but half the machines are dead,Uploaded CSV,Mixed,0.9944,Concern,"[""Half"", ""Machines""]","[""half"", ""machines"", ""dead"", ""lab""]",lab is good but half the machines are dead,0.9944,"[{""aspect"": ""Lab"", ""sentiment"": ""Positive""}, {""aspect"": ""Half Machines"", ""sentiment"": ""Negative""}]"
FB0385,2026-06-28,placement updates are very late tbh,Uploaded CSV,Negative,0.9989,Frustration,"[""Placement Updates""]","[""placement updates"", ""late""]",placement updates are very late tbh,0.9989,"[{""aspect"": ""Placement Updates"", ""sentiment"": ""Negative""}]"
FB0386,2026-08-07,registration process is confusing,Uploaded CSV,Negative,0.9992,Frustration,"[""Registration Process""]","[""registration process"", ""confusing""]",registration process is confusing,0.9992,"[{""aspect"": ""Registration Process"", ""sentiment"": ""Negative""}]"
FB0387,2026-08-07,net is fine in the morning but terrible later 😭,Uploaded CSV,Mixed,0.9919,Frustration,"[""Net"", ""Morning""]","[""net"", ""morning"", ""later""]",net is fine in the morning but terrible later 😭,0.9919,"[{""aspect"": ""Net Morning"", ""sentiment"": ""Positive""}, {""aspect"": ""Later"", ""sentiment"": ""Negative""}]"
FB0388,2026-09-28,library  is  quiet and useful,Uploaded CSV,Positive,0.9992,Joy,"[""Quiet"", ""Useful""]","[""quiet"", ""useful"", ""library""]",library is quiet and useful,0.9992,"[{""aspect"": ""Library Quiet"", ""sentiment"": ""Positive""}]"
FB0389,2026-09-09,library staff is helpful,Uploaded CSV,Positive,0.9997,Joy,"[""Library Staff""]","[""library staff""]",library staff is helpful,0.9997,"[{""aspect"": ""Library Staff"", ""sentiment"": ""Positive""}]"
FB0390,2026-09-25,prices are too high for the portion,Uploaded CSV,Negative,0.999,Frustration,"[""Portion"", ""Prices""]","[""portion"", ""prices"", ""high""]",prices are too high for the portion,0.999,"[{""aspect"": ""Prices"", ""sentiment"": ""Negative""}]"
FB0391,2026-06-08,office staff is helpful but the queue is too long,Uploaded CSV,Negative,0.9992,Frustration,"[""Office Staff"", ""Queue""]","[""office staff"", ""queue"", ""long""]",office staff is helpful but the queue is too long,0.9992,"[{""aspect"": ""Office Staff"", ""sentiment"": ""Positive""}, {""aspect"": ""Queue Long"", ""sentiment"": ""Negative""}]"
FB0392,2026-08-07,fees payment was smooth this time,Uploaded CSV,Neutral,0.5813,Neutral,"[""Fees Payment"", ""Smooth""]","[""fees payment"", ""smooth"", ""time""]",fees payment was smooth this time,0.5813,"[{""aspect"": ""Fees Payment"", ""sentiment"": ""Neutral""}]"
FB0393,2026-08-10,library  is great but closes too early,Uploaded CSV,Negative,0.9929,Frustration,"[""Library""]","[""early"", ""library""]",library is great but closes too early,0.9929,"[{""aspect"": ""Library"", ""sentiment"": ""Positive""}, {""aspect"": ""Closes Early"", ""sentiment"": ""Negative""}]"
FB0394,2026-06-30,placement updates are very late tbh,Uploaded CSV,Negative,0.9989,Frustration,"[""Placement Updates""]","[""placement updates"", ""late""]",placement updates are very late tbh,0.9989,"[{""aspect"": ""Placement Updates"", ""sentiment"": ""Negative""}]"
FB0395,2026-07-23,lab equipment is outdated,Uploaded CSV,Negative,0.9998,Frustration,"[""Lab Equipment""]","[""lab equipment"", ""outdated""]",lab equipment is outdated,0.9998,"[{""aspect"": ""Lab Equipment"", ""sentiment"": ""Negative""}]"
FB0396,2026-08-07,too many last minute changes,Uploaded CSV,Negative,0.998,Frustration,"[""Last Minute Changes""]","[""last minute changes""]",too many last minute changes,0.998,"[{""aspect"": ""Last Minute Changes"", ""sentiment"": ""Negative""}]"
FB0397,2026-08-07,documents were processed quickly :),Uploaded CSV,Negative,0.9885,Frustration,"[""Processed Quickly"", ""Documents""]","[""processed quickly"", ""documents""]",documents were processed quickly :),0.9885,"[{""aspect"": ""Documents Processed"", ""sentiment"": ""Negative""}]"
FB0398,2026-08-18,some teachers are helpful but lectures feel rushed...,Uploaded CSV,Negative,0.9959,Frustration,"[""Teachers"", ""Rushed""]","[""teachers"", ""rushed"", ""lectures""]",some teachers are helpful but lectures feel rushed...,0.9959,"[{""aspect"": ""Some Teachers"", ""sentiment"": ""Positive""}, {""aspect"": ""Lectures Feel"", ""sentiment"": ""Negative""}]"
FB0399,2026-06-23,fans are too slow in the afternoon,Uploaded CSV,Negative,0.9974,Frustration,"[""Fans"", ""Afternoon""]","[""fans"", ""afternoon"", ""slow""]",fans are too slow in the afternoon,0.9974,"[{""aspect"": ""Fans"", ""sentiment"": ""Negative""}]"
FB0400,2026-06-08,"books are good, but the AC is too cold",Uploaded CSV,Mixed,0.9972,Concern,"[""Books"", ""Ac""]","[""books"", ""ac"", ""cold""]","books are good, but the AC is too cold",0.9972,"[{""aspect"": ""Books"", ""sentiment"": ""Positive""}, {""aspect"": ""Ac Cold"", ""sentiment"": ""Negative""}]"
FB0401,2026-06-05,net is fine in the morning but terrible later,Uploaded CSV,Mixed,0.9912,Concern,"[""Net"", ""Morning""]","[""net"", ""morning"", ""later""]",net is fine in the morning but terrible later,0.9912,"[{""aspect"": ""Net Morning"", ""sentiment"": ""Positive""}, {""aspect"": ""Later"", ""sentiment"": ""Negative""}]"
FB0402,2026-08-08,companies  were actually good this year,Uploaded CSV,Positive,0.9999,Satisfaction,"[""Year"", ""Companies""]","[""year"", ""companies""]",companies were actually good this year,0.9999,"[{""aspect"": ""Companies Year"", ""sentiment"": ""Positive""}]"
FB0403,2026-09-07,library  is quiet and useful,Uploaded CSV,Positive,0.9992,Joy,"[""Quiet"", ""Useful""]","[""quiet"", ""useful"", ""library""]",library is quiet and useful,0.9992,"[{""aspect"": ""Library Quiet"", ""sentiment"": ""Positive""}]"
FB0404,2026-08-08,classrooms are clean and comfortable,Uploaded CSV,Positive,0.9998,Satisfaction,"[""New Classrooms"", ""Clean""]","[""classrooms"", ""clean""]",classrooms are clean and comfortable,0.9998,"[{""aspect"": ""Classrooms Clean"", ""sentiment"": ""Positive""}]"
FB0405,2026-08-26,classrooms are clean and comfortable,Uploaded CSV,Positive,0.9998,Satisfaction,"[""New Classrooms"", ""Clean""]","[""classrooms"", ""clean""]",classrooms are clean and comfortable,0.9998,"[{""aspect"": ""Classrooms Clean"", ""sentiment"": ""Positive""}]"
FB0406,2026-12-08,office staff is helpful but the queue is too long,Uploaded CSV,Negative,0.9992,Frustration,"[""Office Staff"", ""Queue""]","[""office staff"", ""queue"", ""long""]",office staff is helpful but the queue is too long,0.9992,"[{""aspect"": ""Office Staff"", ""sentiment"": ""Positive""}, {""aspect"": ""Queue Long"", ""sentiment"": ""Negative""}]"
FB0407,2026-08-08,food is actually pretty good today!,Uploaded CSV,Positive,0.9999,Satisfaction,"[""Pretty"", ""Food""]","[""pretty"", ""food""]",food is actually pretty good today!,0.9999,"[{""aspect"": ""Food Pretty"", ""sentiment"": ""Positive""}]"
FB0408,2026-09-22,campus  wifi is actually decent,Uploaded CSV,Positive,0.9996,Satisfaction,"[""Campus Wifi""]","[""campus wifi""]",campus wifi is actually decent,0.9996,"[{""aspect"": ""Campus Wifi"", ""sentiment"": ""Positive""}]"
FB0409,2026-08-04,WiFi is not good after 6pm :(,Uploaded CSV,Negative,0.9997,Frustration,"[""After 6Pm"", ""Wi-Fi""]","[""after 6pm"", ""wifi""]",WiFi is not good after 6pm :(,0.9997,"[{""aspect"": ""Wifi After"", ""sentiment"": ""Negative""}]"
FB0410,2026-07-02,placements look better this semester 👍,Uploaded CSV,Negative,0.9833,Frustration,"[""Placements"", ""Semester""]","[""placements"", ""semester""]",placements look better this semester 👍,0.9833,"[{""aspect"": ""Placements Look"", ""sentiment"": ""Negative""}]"
FB0411,2026-08-08,internet keeps disconnecting every few mins...,Uploaded CSV,Negative,0.9982,Frustration,"[""Disconnecting Every"", ""Internet""]","[""disconnecting every"", ""internet"", ""mins""]",internet keeps disconnecting every few mins...,0.9982,"[{""aspect"": ""Internet Keeps"", ""sentiment"": ""Negative""}]"
FB0412,2026-08-08,new classrooms are really good!   ,Uploaded CSV,Positive,0.9999,Satisfaction,"[""New Classrooms""]","[""new classrooms""]",new classrooms are really good!,0.9999,"[{""aspect"": ""New Classrooms"", ""sentiment"": ""Positive""}]"
FB0413,2026-09-23,too many last minute changes in placement schedule,Uploaded CSV,Negative,0.9995,Frustration,"[""Last Minute Changes"", ""Placement Schedule""]","[""last minute changes"", ""placement schedule""]",too many last minute changes in placement schedule,0.9995,"[{""aspect"": ""Last Minute Changes Placement Schedule"", ""sentiment"": ""Negative""}]"
FB0414,2026-08-02,companies were actually good this year,Uploaded CSV,Positive,0.9999,Satisfaction,"[""Year"", ""Companies""]","[""year"", ""companies""]",companies were actually good this year,0.9999,"[{""aspect"": ""Companies Year"", ""sentiment"": ""Positive""}]"
FB0415,2026-08-05,registration process is confusing,Uploaded CSV,Negative,0.9992,Frustration,"[""Registration Process""]","[""registration process"", ""confusing""]",registration process is confusing,0.9992,"[{""aspect"": ""Registration Process"", ""sentiment"": ""Negative""}]"
FB0416,2026-08-08,lab bahut crowded hai during practicals,Uploaded CSV,Negative,0.9913,Frustration,"[""Lab Bahut Crowded"", ""Practicals""]","[""lab bahut crowded"", ""practicals""]",lab bahut crowded hai during practicals,0.9913,"[{""aspect"": ""Lab Bahut"", ""sentiment"": ""Negative""}]"
FB0417,2026-08-08,the library timings are not enough for evening study,Uploaded CSV,Negative,0.9995,Frustration,"[""Evening Study"", ""Library Timings""]","[""evening study"", ""library timings""]",the library timings are not enough for evening study,0.9995,"[{""aspect"": ""Library Timings"", ""sentiment"": ""Negative""}]"
FB0418,2026-07-12,canteen is clean but food quality needs work...,Uploaded CSV,Negative,0.9633,Frustration,"[""Food Quality"", ""Clean""]","[""food quality"", ""clean"", ""canteen""]",canteen is clean but food quality needs work...,0.9633,"[{""aspect"": ""Canteen Clean"", ""sentiment"": ""Positive""}, {""aspect"": ""Food Quality"", ""sentiment"": ""Negative""}]"
FB0419,2026-06-21,projector wasnt working in class,Uploaded CSV,Negative,0.9982,Frustration,"[""Projector"", ""Classes""]","[""projector"", ""class""]",projector wasnt working in class,0.9982,"[{""aspect"": ""Projector"", ""sentiment"": ""Negative""}]"
FB0420,2026-08-17,registration process is confusing,Uploaded CSV,Negative,0.9992,Frustration,"[""Registration Process""]","[""registration process"", ""confusing""]",registration process is confusing,0.9992,"[{""aspect"": ""Registration Process"", ""sentiment"": ""Negative""}]"
FB0421,2026-10-08,companies were actually good this year,Uploaded CSV,Positive,0.9999,Satisfaction,"[""Year"", ""Companies""]","[""year"", ""companies""]",companies were actually good this year,0.9999,"[{""aspect"": ""Companies Year"", ""sentiment"": ""Positive""}]"
FB0422,2026-08-08,wifi barely works in block B,Uploaded CSV,Negative,0.9994,Frustration,"[""Block"", ""Wi-Fi""]","[""wifi barely"", ""block""]",wifi barely works in block B,0.9994,"[{""aspect"": ""Wifi"", ""sentiment"": ""Negative""}]"
FB0423,2026-06-19,classrooms are clean and comfortable,Uploaded CSV,Positive,0.9998,Satisfaction,"[""New Classrooms"", ""Clean""]","[""classrooms"", ""clean""]",classrooms are clean and comfortable,0.9998,"[{""aspect"": ""Classrooms Clean"", ""sentiment"": ""Positive""}]"
FB0424,2026-06-30,too many last minute changes,Uploaded CSV,Negative,0.998,Frustration,"[""Last Minute Changes""]","[""last minute changes""]",too many last minute changes,0.998,"[{""aspect"": ""Last Minute Changes"", ""sentiment"": ""Negative""}]"
FB0425,2026-08-11,building looks nice but the lift is always broken,Uploaded CSV,Mixed,0.9982,Concern,"[""Always Broken"", ""Building""]","[""always broken"", ""building"", ""nice"", ""lift""]",building looks nice but the lift is always broken,0.9982,"[{""aspect"": ""Building Looks"", ""sentiment"": ""Positive""}, {""aspect"": ""Lift Always"", ""sentiment"": ""Negative""}]"
FB0426,2026-08-08,Network dies during online tests!!!,Uploaded CSV,Negative,0.9998,Frustration,"[""Online Tests"", ""Network""]","[""network dies"", ""online tests""]",Network dies during online tests!!!,0.9998,"[{""aspect"": ""Network"", ""sentiment"": ""Negative""}]"
FB0427,2026-08-08,parking is a mess during peak hours,Uploaded CSV,Negative,0.9998,Frustration,"[""Peak Hours"", ""Parking""]","[""peak hours"", ""parking"", ""mess""]",parking is a mess during peak hours,0.9998,"[{""aspect"": ""Parking Mess"", ""sentiment"": ""Negative""}]"
FB0428,2026-08-23,chai is good but lunch is sooo expensive,Uploaded CSV,Mixed,0.8008,Concern,"[""Sooo Expensive"", ""Chai""]","[""sooo expensive"", ""chai"", ""lunch""]",chai is good but lunch is sooo expensive,0.8008,"[{""aspect"": ""Chai"", ""sentiment"": ""Positive""}, {""aspect"": ""Lunch Sooo"", ""sentiment"": ""Negative""}]"
FB0429,2026-06-03,not enough working PCs,Uploaded CSV,Negative,0.9997,Frustration,"[""Pcs""]","[""pcs""]",not enough working PCs,0.9997,"[{""aspect"": ""Working Pcs"", ""sentiment"": ""Negative""}]"
FB0430,2026-06-15,canteen ka food achha nahi hai yaar :(,Uploaded CSV,Negative,0.9652,Frustration,"[""Canteen Ka Food"", ""Nahi""]","[""canteen ka food"", ""nahi""]",canteen ka food achha nahi hai yaar :(,0.9652,"[{""aspect"": ""Canteen Ka"", ""sentiment"": ""Negative""}]"
FB0431,2026-08-09,lab  bahut  crowded hai during practicals,Uploaded CSV,Negative,0.9913,Frustration,"[""Lab Bahut Crowded"", ""Practicals""]","[""lab bahut crowded"", ""practicals""]",lab bahut crowded hai during practicals,0.9913,"[{""aspect"": ""Lab Bahut"", ""sentiment"": ""Negative""}]"
FB0432,2026-02-07,PCs are fine now 👍,Uploaded CSV,Positive,0.9981,Satisfaction,"[""Now"", ""Pcs""]","[""now"", ""pcs""]",PCs are fine now 👍,0.9981,"[{""aspect"": ""Pcs Now"", ""sentiment"": ""Positive""}]"
FB0433,2026-06-10,faculty explains concepts really well :),Uploaded CSV,Positive,0.9993,Satisfaction,"[""Faculty Explains Concepts""]","[""faculty explains concepts""]",faculty explains concepts really well :),0.9993,"[{""aspect"": ""Faculty Explains"", ""sentiment"": ""Positive""}]"
FB0434,2026-07-26,admin replies very late,Uploaded CSV,Negative,0.9977,Frustration,"[""Admin Replies""]","[""admin replies"", ""late""]",admin replies very late,0.9977,"[{""aspect"": ""Admin Replies"", ""sentiment"": ""Negative""}]"
FB0435,2026-07-10,library staff is helpful,Uploaded CSV,Positive,0.9997,Joy,"[""Library Staff""]","[""library staff""]",library staff is helpful,0.9997,"[{""aspect"": ""Library Staff"", ""sentiment"": ""Positive""}]"
FB0436,2026-08-06,lift doesnt work sometimes,Uploaded CSV,Negative,0.9955,Frustration,"[""Lift""]","[""lift""]",lift doesnt work sometimes,0.9955,"[{""aspect"": ""Lift"", ""sentiment"": ""Negative""}]"
FB0437,2026-08-09,lab bahut crowded hai during practicals,Uploaded CSV,Negative,0.9913,Frustration,"[""Lab Bahut Crowded"", ""Practicals""]","[""lab bahut crowded"", ""practicals""]",lab bahut crowded hai during practicals,0.9913,"[{""aspect"": ""Lab Bahut"", ""sentiment"": ""Negative""}]"
FB0438,2026-06-26,chai is good but lunch is sooo expensive 😡,Uploaded CSV,Mixed,0.78,Anger,"[""Sooo Expensive"", ""Chai""]","[""sooo expensive"", ""chai"", ""lunch""]",chai is good but lunch is sooo expensive 😡,0.78,"[{""aspect"": ""Chai"", ""sentiment"": ""Positive""}, {""aspect"": ""Lunch Sooo"", ""sentiment"": ""Negative""}]"
FB0439,2026-06-03,not enough healthy options tbh,Uploaded CSV,Negative,0.9991,Frustration,"[""Healthy Options""]","[""healthy options""]",not enough healthy options tbh,0.9991,"[{""aspect"": ""Healthy Options"", ""sentiment"": ""Negative""}]"
FB0440,2026-08-17,building looks nice but the lift is always broken,Uploaded CSV,Mixed,0.9982,Concern,"[""Always Broken"", ""Building""]","[""always broken"", ""building"", ""nice"", ""lift""]",building looks nice but the lift is always broken,0.9982,"[{""aspect"": ""Building Looks"", ""sentiment"": ""Positive""}, {""aspect"": ""Lift Always"", ""sentiment"": ""Negative""}]"
FB0441,2026-01-08,library is great but closes too early tbh,Uploaded CSV,Negative,0.9941,Frustration,"[""Library""]","[""early"", ""library""]",library is great but closes too early tbh,0.9941,"[{""aspect"": ""Library"", ""sentiment"": ""Positive""}, {""aspect"": ""Closes Early"", ""sentiment"": ""Negative""}]"
FB0442,2026-08-09,documents were processed quickly :),Uploaded CSV,Negative,0.9885,Frustration,"[""Processed Quickly"", ""Documents""]","[""processed quickly"", ""documents""]",documents were processed quickly :),0.9885,"[{""aspect"": ""Documents Processed"", ""sentiment"": ""Negative""}]"
FB0443,2026-08-22,Love the library :) but there are hardly any seats,Uploaded CSV,Mixed,0.99,Concern,"[""Hardly Any Seats"", ""Love""]","[""hardly any seats"", ""love"", ""there"", ""library""]",Love the library :) but there are hardly any seats,0.99,"[{""aspect"": ""Love Library"", ""sentiment"": ""Positive""}, {""aspect"": ""There Hardly"", ""sentiment"": ""Neutral""}]"
FB0444,2026-06-16,the library timings are not enough for evening study,Uploaded CSV,Negative,0.9995,Frustration,"[""Evening Study"", ""Library Timings""]","[""evening study"", ""library timings""]",the library timings are not enough for evening study,0.9995,"[{""aspect"": ""Library Timings"", ""sentiment"": ""Negative""}]"
FB0445,2026-09-14,prices are too high for the portion,Uploaded CSV,Negative,0.999,Frustration,"[""Portion"", ""Prices""]","[""portion"", ""prices"", ""high""]",prices are too high for the portion,0.999,"[{""aspect"": ""Prices"", ""sentiment"": ""Negative""}]"
FB0446,2026-08-09,"books are good, but the AC is too cold",Uploaded CSV,Mixed,0.9972,Concern,"[""Books"", ""Ac""]","[""books"", ""ac"", ""cold""]","books are good, but the AC is too cold",0.9972,"[{""aspect"": ""Books"", ""sentiment"": ""Positive""}, {""aspect"": ""Ac Cold"", ""sentiment"": ""Negative""}]"
FB0447,2026-08-09,chai is good but lunch is sooo expensive,Uploaded CSV,Mixed,0.8008,Concern,"[""Sooo Expensive"", ""Chai""]","[""sooo expensive"", ""chai"", ""lunch""]",chai is good but lunch is sooo expensive,0.8008,"[{""aspect"": ""Chai"", ""sentiment"": ""Positive""}, {""aspect"": ""Lunch Sooo"", ""sentiment"": ""Negative""}]"
FB0448,2026-07-03,new classrooms are really good!,Uploaded CSV,Positive,0.9999,Satisfaction,"[""New Classrooms""]","[""new classrooms""]",new classrooms are really good!,0.9999,"[{""aspect"": ""New Classrooms"", ""sentiment"": ""Positive""}]"
FB0449,2026-07-08,sir was really good!!!,Uploaded CSV,Positive,0.9999,Satisfaction,"[""Sir""]","[""sir""]",sir was really good!!!,0.9999,"[{""aspect"": ""Sir"", ""sentiment"": ""Positive""}]"
FB0450,2026-08-14,"books are good, but the AC is too cold",Uploaded CSV,Mixed,0.9972,Concern,"[""Books"", ""Ac""]","[""books"", ""ac"", ""cold""]","books are good, but the AC is too cold",0.9972,"[{""aspect"": ""Books"", ""sentiment"": ""Positive""}, {""aspect"": ""Ac Cold"", ""sentiment"": ""Negative""}]"
FB0451,2026-01-08,prices are too high for the portion,Uploaded CSV,Negative,0.999,Frustration,"[""Portion"", ""Prices""]","[""portion"", ""prices"", ""high""]",prices are too high for the portion,0.999,"[{""aspect"": ""Prices"", ""sentiment"": ""Negative""}]"
FB0452,2026-04-05,washrooms need better maintenance,Uploaded CSV,Negative,0.9985,Frustration,"[""Washrooms""]","[""washrooms"", ""maintenance""]",washrooms need better maintenance,0.9985,"[{""aspect"": ""Washrooms"", ""sentiment"": ""Negative""}]"
FB0453,2026-09-07,library is great but closes too early,Uploaded CSV,Negative,0.9929,Frustration,"[""Library""]","[""early"", ""library""]",library is great but closes too early,0.9929,"[{""aspect"": ""Library"", ""sentiment"": ""Positive""}, {""aspect"": ""Closes Early"", ""sentiment"": ""Negative""}]"
FB0454,2026-08-18,PCs  are  fine now 👍,Uploaded CSV,Positive,0.9981,Satisfaction,"[""Now"", ""Pcs""]","[""now"", ""pcs""]",PCs are fine now 👍,0.9981,"[{""aspect"": ""Pcs Now"", ""sentiment"": ""Positive""}]"
FB0455,2026-08-08,wifi bahut slow hai yaar 😭,Uploaded CSV,Negative,0.9906,Frustration,"[""Wifi Bahut""]","[""wifi bahut slow""]",wifi bahut slow hai yaar 😭,0.9906,"[{""aspect"": ""Wifi Bahut"", ""sentiment"": ""Negative""}]"
FB0456,2026-01-07,PCs are fine now 👍,Uploaded CSV,Positive,0.9981,Satisfaction,"[""Now"", ""Pcs""]","[""now"", ""pcs""]",PCs are fine now 👍,0.9981,"[{""aspect"": ""Pcs Now"", ""sentiment"": ""Positive""}]"
FB0457,2026-08-10,faculty is sooo goooddddd :D...,Uploaded CSV,Negative,0.9968,Frustration,"[""Sooo Goooddddd"", ""Faculty""]","[""sooo goooddddd"", ""faculty""]",faculty is sooo goooddddd :D...,0.9968,"[{""aspect"": ""Faculty Sooo"", ""sentiment"": ""Negative""}]"
FB0458,2026-07-30,Network dies during online tests!!!,Uploaded CSV,Negative,0.9998,Frustration,"[""Online Tests"", ""Network""]","[""network dies"", ""online tests""]",Network dies during online tests!!!,0.9998,"[{""aspect"": ""Network"", ""sentiment"": ""Negative""}]"
FB0459,2026-07-10,"classes are okay, nothing special",Uploaded CSV,Negative,0.9397,Frustration,"[""Nothing Special"", ""Classes""]","[""nothing special"", ""classes""]","classes are okay, nothing special",0.9397,"[{""aspect"": ""Classes Nothing"", ""sentiment"": ""Negative""}]"
FB0460,2026-06-16,building looks nice but the lift is always broken,Uploaded CSV,Mixed,0.9982,Concern,"[""Always Broken"", ""Building""]","[""always broken"", ""building"", ""nice"", ""lift""]",building looks nice but the lift is always broken,0.9982,"[{""aspect"": ""Building Looks"", ""sentiment"": ""Positive""}, {""aspect"": ""Lift Always"", ""sentiment"": ""Negative""}]"
FB0461,2026-08-10,lift doesnt work sometimes :/,Uploaded CSV,Negative,0.9971,Frustration,"[""Lift""]","[""lift""]",lift doesnt work sometimes :/,0.9971,"[{""aspect"": ""Lift"", ""sentiment"": ""Negative""}]"
FB0462,2026-07-05,lab  is good but half the machines are dead,Uploaded CSV,Mixed,0.9944,Concern,"[""Half"", ""Machines""]","[""half"", ""machines"", ""dead"", ""lab""]",lab is good but half the machines are dead,0.9944,"[{""aspect"": ""Lab"", ""sentiment"": ""Positive""}, {""aspect"": ""Half Machines"", ""sentiment"": ""Negative""}]"
FB0463,2026-07-24,lab is good but half the machines are dead,Uploaded CSV,Mixed,0.9944,Concern,"[""Half"", ""Machines""]","[""half"", ""machines"", ""dead"", ""lab""]",lab is good but half the machines are dead,0.9944,"[{""aspect"": ""Lab"", ""sentiment"": ""Positive""}, {""aspect"": ""Half Machines"", ""sentiment"": ""Negative""}]"
FB0464,2026-09-27,some teachers are helpful but lectures feel rushed,Uploaded CSV,Negative,0.997,Frustration,"[""Teachers"", ""Rushed""]","[""teachers"", ""rushed"", ""lectures""]",some teachers are helpful but lectures feel rushed,0.997,"[{""aspect"": ""Some Teachers"", ""sentiment"": ""Positive""}, {""aspect"": ""Lectures Feel"", ""sentiment"": ""Negative""}]"
FB0465,2026-08-02,fans are too slow in the afternoon,Uploaded CSV,Negative,0.9974,Frustration,"[""Fans"", ""Afternoon""]","[""fans"", ""afternoon"", ""slow""]",fans are too slow in the afternoon,0.9974,"[{""aspect"": ""Fans"", ""sentiment"": ""Negative""}]"
FB0466,2026-03-07,fees payment was smooth this time,Uploaded CSV,Neutral,0.5813,Neutral,"[""Fees Payment"", ""Smooth""]","[""fees payment"", ""smooth"", ""time""]",fees payment was smooth this time,0.5813,"[{""aspect"": ""Fees Payment"", ""sentiment"": ""Neutral""}]"
FB0467,2026-04-07,wifi barely works in block B,Uploaded CSV,Negative,0.9994,Frustration,"[""Block"", ""Wi-Fi""]","[""wifi barely"", ""block""]",wifi barely works in block B,0.9994,"[{""aspect"": ""Wifi"", ""sentiment"": ""Negative""}]"
FB0468,2026-06-07,admin  replies  very late,Uploaded CSV,Negative,0.9977,Frustration,"[""Admin Replies""]","[""admin replies"", ""late""]",admin replies very late,0.9977,"[{""aspect"": ""Admin Replies"", ""sentiment"": ""Negative""}]"
FB0469,2026-08-25,campus wifi is actually decent :D,Uploaded CSV,Positive,0.9949,Satisfaction,"[""Campus Wifi""]","[""campus wifi""]",campus wifi is actually decent :D,0.9949,"[{""aspect"": ""Campus Wifi"", ""sentiment"": ""Positive""}]"
FB0470,2026-09-16,registration process is confusing,Uploaded CSV,Negative,0.9992,Frustration,"[""Registration Process""]","[""registration process"", ""confusing""]",registration process is confusing,0.9992,"[{""aspect"": ""Registration Process"", ""sentiment"": ""Negative""}]"
FB0471,2026-04-06,the library timings are not enough for evening study,Uploaded CSV,Negative,0.9995,Frustration,"[""Evening Study"", ""Library Timings""]","[""evening study"", ""library timings""]",the library timings are not enough for evening study,0.9995,"[{""aspect"": ""Library Timings"", ""sentiment"": ""Negative""}]"
FB0472,2026-08-10,washroom cleaning is much better now,Uploaded CSV,Positive,0.9696,Satisfaction,"[""Washroom Cleaning"", ""Now""]","[""washroom cleaning"", ""now""]",washroom cleaning is much better now,0.9696,"[{""aspect"": ""Washroom Cleaning"", ""sentiment"": ""Positive""}]"
FB0473,2026-07-07,internet keeps disconnecting every few mins,Uploaded CSV,Negative,0.998,Frustration,"[""Disconnecting Every"", ""Internet""]","[""disconnecting every"", ""internet"", ""mins""]",internet keeps disconnecting every few mins,0.998,"[{""aspect"": ""Internet Keeps"", ""sentiment"": ""Negative""}]"
FB0474,2026-07-05,the library timings are not enough for evening study :(,Uploaded CSV,Negative,0.9996,Frustration,"[""Evening Study"", ""Library Timings""]","[""evening study"", ""library timings""]",the library timings are not enough for evening study :(,0.9996,"[{""aspect"": ""Library Timings"", ""sentiment"": ""Negative""}]"
FB0475,2026-07-20,Love the library :) but there are hardly any seats,Uploaded CSV,Mixed,0.99,Concern,"[""Hardly Any Seats"", ""Love""]","[""hardly any seats"", ""love"", ""there"", ""library""]",Love the library :) but there are hardly any seats,0.99,"[{""aspect"": ""Love Library"", ""sentiment"": ""Positive""}, {""aspect"": ""There Hardly"", ""sentiment"": ""Neutral""}]"
FB0476,2026-08-10,building looks nice but the lift is always broken,Uploaded CSV,Mixed,0.9982,Concern,"[""Always Broken"", ""Building""]","[""always broken"", ""building"", ""nice"", ""lift""]",building looks nice but the lift is always broken,0.9982,"[{""aspect"": ""Building Looks"", ""sentiment"": ""Positive""}, {""aspect"": ""Lift Always"", ""sentiment"": ""Negative""}]"
FB0477,2026-08-10,not enough healthy options tbh,Uploaded CSV,Negative,0.9991,Frustration,"[""Healthy Options""]","[""healthy options""]",not enough healthy options tbh,0.9991,"[{""aspect"": ""Healthy Options"", ""sentiment"": ""Negative""}]"
FB0478,2026-08-31,Wi-Fi is sooo slow in the evening 😡,Uploaded CSV,Negative,0.9983,Anger,"[""Wi-Fi"", ""Evening""]","[""sooo slow"", ""wi-fi"", ""evening""]",Wi-Fi is sooo slow in the evening 😡,0.9983,"[{""aspect"": ""Wi-Fi Sooo"", ""sentiment"": ""Negative""}]"
FB0479,2026-08-16,parking is a mess during peak hours 😭,Uploaded CSV,Negative,0.9998,Frustration,"[""Peak Hours"", ""Parking""]","[""peak hours"", ""parking"", ""mess""]",parking is a mess during peak hours 😭,0.9998,"[{""aspect"": ""Parking Mess"", ""sentiment"": ""Negative""}]"
FB0480,2026-07-10,chai is good but lunch is sooo expensive,Uploaded CSV,Mixed,0.8008,Concern,"[""Sooo Expensive"", ""Chai""]","[""sooo expensive"", ""chai"", ""lunch""]",chai is good but lunch is sooo expensive,0.8008,"[{""aspect"": ""Chai"", ""sentiment"": ""Positive""}, {""aspect"": ""Lunch Sooo"", ""sentiment"": ""Negative""}]"
FB0481,2026-03-08,food quality has improved 👍,Uploaded CSV,Positive,0.9996,Joy,"[""Food Quality"", ""Improved""]","[""food quality"", ""improved""]",food quality has improved 👍,0.9996,"[{""aspect"": ""Food Quality"", ""sentiment"": ""Positive""}]"
FB0482,2026-08-07,software installation takes forever btw,Uploaded CSV,Negative,0.9879,Frustration,"[""Takes Forever Btw"", ""Software Installation Takes""]","[""takes forever btw"", ""software installation takes"", ""installation takes forever""]",software installation takes forever btw,0.9879,"[{""aspect"": ""Software Installation"", ""sentiment"": ""Negative""}]"
FB0483,2026-07-31,office staff is helpful but the queue is too long,Uploaded CSV,Negative,0.9992,Frustration,"[""Office Staff"", ""Queue""]","[""office staff"", ""queue"", ""long""]",office staff is helpful but the queue is too long,0.9992,"[{""aspect"": ""Office Staff"", ""sentiment"": ""Positive""}, {""aspect"": ""Queue Long"", ""sentiment"": ""Negative""}]"
FB0484,2026-07-23,WiFi is not good after 6pm :(...,Uploaded CSV,Negative,0.9997,Frustration,"[""After 6Pm"", ""Wi-Fi""]","[""after 6pm"", ""wifi""]",WiFi is not good after 6pm :(...,0.9997,"[{""aspect"": ""Wifi After"", ""sentiment"": ""Negative""}]"
FB0485,2026-09-19,lab bahut crowded hai during practicals,Uploaded CSV,Negative,0.9913,Frustration,"[""Lab Bahut Crowded"", ""Practicals""]","[""lab bahut crowded"", ""practicals""]",lab bahut crowded hai during practicals,0.9913,"[{""aspect"": ""Lab Bahut"", ""sentiment"": ""Negative""}]"
FB0486,2026-01-08,wifi  bahut slow hai yaar 😭,Uploaded CSV,Negative,0.9906,Frustration,"[""Wifi Bahut""]","[""wifi bahut slow""]",wifi bahut slow hai yaar 😭,0.9906,"[{""aspect"": ""Wifi Bahut"", ""sentiment"": ""Negative""}]"
FB0487,2026-08-11,wifi bahut slow hai yaar 😭,Uploaded CSV,Negative,0.9906,Frustration,"[""Wifi Bahut""]","[""wifi bahut slow""]",wifi bahut slow hai yaar 😭,0.9906,"[{""aspect"": ""Wifi Bahut"", ""sentiment"": ""Negative""}]"
FB0488,2026-07-02,placement process is confusing,Uploaded CSV,Negative,0.9992,Frustration,"[""Placement Process""]","[""placement process"", ""confusing""]",placement process is confusing,0.9992,"[{""aspect"": ""Placement Process"", ""sentiment"": ""Negative""}]"
FB0489,2026-07-10,wifi  barely  works in block B,Uploaded CSV,Negative,0.9994,Frustration,"[""Block"", ""Wi-Fi""]","[""wifi barely"", ""block""]",wifi barely works in block B,0.9994,"[{""aspect"": ""Wifi"", ""sentiment"": ""Negative""}]"
FB0490,2026-07-22,placement process is confusing,Uploaded CSV,Negative,0.9992,Frustration,"[""Placement Process""]","[""placement process"", ""confusing""]",placement process is confusing,0.9992,"[{""aspect"": ""Placement Process"", ""sentiment"": ""Negative""}]"
FB0491,2026-02-08,forms are not clear at all,Uploaded CSV,Negative,0.9997,Frustration,"[""Forms"", ""Clear""]","[""forms"", ""clear"", ""all""]",forms are not clear at all,0.9997,"[{""aspect"": ""Forms Clear"", ""sentiment"": ""Negative""}]"
FB0492,2026-12-06,Network dies during online tests!!! :(,Uploaded CSV,Negative,0.9998,Frustration,"[""Online Tests"", ""Network""]","[""network dies"", ""online tests""]",Network dies during online tests!!! :(,0.9998,"[{""aspect"": ""Network"", ""sentiment"": ""Negative""}]"
FB0493,2026-06-23,documents were processed quickly :),Uploaded CSV,Negative,0.9885,Frustration,"[""Processed Quickly"", ""Documents""]","[""processed quickly"", ""documents""]",documents were processed quickly :),0.9885,"[{""aspect"": ""Documents Processed"", ""sentiment"": ""Negative""}]"
FB0494,2026-08-25,documents were processed quickly :)?!,Uploaded CSV,Negative,0.9985,Frustration,"[""Processed Quickly"", ""Documents""]","[""processed quickly"", ""documents""]",documents were processed quickly :)?!,0.9985,"[{""aspect"": ""Documents Processed"", ""sentiment"": ""Negative""}]"
FB0495,2026-07-05,software installation takes forever,Uploaded CSV,Negative,0.9462,Frustration,"[""Software Installation Takes"", ""Installation Takes Forever""]","[""software installation takes"", ""installation takes forever""]",software installation takes forever,0.9462,"[{""aspect"": ""Software Installation"", ""sentiment"": ""Negative""}]"
FB0496,2026-09-06,not enough working PCs,Uploaded CSV,Negative,0.9997,Frustration,"[""Pcs""]","[""pcs""]",not enough working PCs,0.9997,"[{""aspect"": ""Working Pcs"", ""sentiment"": ""Negative""}]"
FB0497,2026-11-06,PCs  are  fine now 👍,Uploaded CSV,Positive,0.9981,Satisfaction,"[""Now"", ""Pcs""]","[""now"", ""pcs""]",PCs are fine now 👍,0.9981,"[{""aspect"": ""Pcs Now"", ""sentiment"": ""Positive""}]"
FB0498,2026-09-28,registration process is confusing,Uploaded CSV,Negative,0.9992,Frustration,"[""Registration Process""]","[""registration process"", ""confusing""]",registration process is confusing,0.9992,"[{""aspect"": ""Registration Process"", ""sentiment"": ""Negative""}]"
FB0499,2026-08-25,projector wasnt working in class,Uploaded CSV,Negative,0.9982,Frustration,"[""Projector"", ""Classes""]","[""projector"", ""class""]",projector wasnt working in class,0.9982,"[{""aspect"": ""Projector"", ""sentiment"": ""Negative""}]"
FB0500,2026-09-06,too many last minute changes in placement schedule,Uploaded CSV,Negative,0.9995,Frustration,"[""Last Minute Changes"", ""Placement Schedule""]","[""last minute changes"", ""placement schedule""]",too many last minute changes in placement schedule,0.9995,"[{""aspect"": ""Last Minute Changes Placement Schedule"", ""sentiment"": ""Negative""}]"
FB0501,2026-08-11,canteen is clean but food quality needs work,Uploaded CSV,Negative,0.9558,Frustration,"[""Food Quality"", ""Clean""]","[""food quality"", ""clean"", ""canteen""]",canteen is clean but food quality needs work,0.9558,"[{""aspect"": ""Canteen Clean"", ""sentiment"": ""Positive""}, {""aspect"": ""Food Quality"", ""sentiment"": ""Negative""}]"
FB0502,2026-08-11,library is quiet and useful,Uploaded CSV,Positive,0.9992,Joy,"[""Quiet"", ""Useful""]","[""quiet"", ""useful"", ""library""]",library is quiet and useful,0.9992,"[{""aspect"": ""Library Quiet"", ""sentiment"": ""Positive""}]"
FB0503,2026-09-14,PCs are fine now 👍,Uploaded CSV,Positive,0.9981,Satisfaction,"[""Now"", ""Pcs""]","[""now"", ""pcs""]",PCs are fine now 👍,0.9981,"[{""aspect"": ""Pcs Now"", ""sentiment"": ""Positive""}]"
FB0504,2026-06-17,software installation takes forever,Uploaded CSV,Negative,0.9462,Frustration,"[""Software Installation Takes"", ""Installation Takes Forever""]","[""software installation takes"", ""installation takes forever""]",software installation takes forever,0.9462,"[{""aspect"": ""Software Installation"", ""sentiment"": ""Negative""}]"
FB0505,2026-06-30,"books are good, but the AC is too cold",Uploaded CSV,Mixed,0.9972,Concern,"[""Books"", ""Ac""]","[""books"", ""ac"", ""cold""]","books are good, but the AC is too cold",0.9972,"[{""aspect"": ""Books"", ""sentiment"": ""Positive""}, {""aspect"": ""Ac Cold"", ""sentiment"": ""Negative""}]"
FB0506,2026-07-07,teaching quality is actually great,Uploaded CSV,Positive,0.9999,Satisfaction,"[""Teaching Quality""]","[""teaching quality""]",teaching quality is actually great,0.9999,"[{""aspect"": ""Teaching Quality"", ""sentiment"": ""Positive""}]"
FB0507,2026-08-11,professor doesnt explain doubts properly,Uploaded CSV,Negative,0.9997,Frustration,"[""Explain Doubts Properly"", ""Professor""]","[""explain doubts properly"", ""professor""]",professor doesnt explain doubts properly,0.9997,"[{""aspect"": ""Professor Doesnt"", ""sentiment"": ""Negative""}]"
FB0508,2026-09-07,parking is a mess during peak hours,Uploaded CSV,Negative,0.9998,Frustration,"[""Peak Hours"", ""Parking""]","[""peak hours"", ""parking"", ""mess""]",parking is a mess during peak hours,0.9998,"[{""aspect"": ""Parking Mess"", ""sentiment"": ""Negative""}]"
FB0509,2026-09-26,canteen food is bad :(,Uploaded CSV,Negative,0.9997,Frustration,"[""Canteen Food""]","[""canteen food""]",canteen food is bad :(,0.9997,"[{""aspect"": ""Canteen Food"", ""sentiment"": ""Negative""}]"
FB0510,2026-09-20,food quality has improved 👍,Uploaded CSV,Positive,0.9996,Joy,"[""Food Quality"", ""Improved""]","[""food quality"", ""improved""]",food quality has improved 👍,0.9996,"[{""aspect"": ""Food Quality"", ""sentiment"": ""Positive""}]"
FB0511,2026-05-08,fees payment was smooth this time,Uploaded CSV,Neutral,0.5813,Neutral,"[""Fees Payment"", ""Smooth""]","[""fees payment"", ""smooth"", ""time""]",fees payment was smooth this time,0.5813,"[{""aspect"": ""Fees Payment"", ""sentiment"": ""Neutral""}]"
FB0512,2026-08-12,projector wasnt working in class...,Uploaded CSV,Negative,0.9986,Frustration,"[""Projector"", ""Classes""]","[""projector"", ""class""]",projector wasnt working in class...,0.9986,"[{""aspect"": ""Projector"", ""sentiment"": ""Negative""}]"
FB0513,2026-08-08,library staff is helpful,Uploaded CSV,Positive,0.9997,Joy,"[""Library Staff""]","[""library staff""]",library staff is helpful,0.9997,"[{""aspect"": ""Library Staff"", ""sentiment"": ""Positive""}]"
FB0514,2026-09-27,Network dies during online tests!!!,Uploaded CSV,Negative,0.9998,Frustration,"[""Online Tests"", ""Network""]","[""network dies"", ""online tests""]",Network dies during online tests!!!,0.9998,"[{""aspect"": ""Network"", ""sentiment"": ""Negative""}]"
FB0515,2026-06-23,net is fine in the morning but terrible later,Uploaded CSV,Mixed,0.9912,Concern,"[""Net"", ""Morning""]","[""net"", ""morning"", ""later""]",net is fine in the morning but terrible later,0.9912,"[{""aspect"": ""Net Morning"", ""sentiment"": ""Positive""}, {""aspect"": ""Later"", ""sentiment"": ""Negative""}]"
FB0516,2026-12-07,lab equipment is outdated,Uploaded CSV,Negative,0.9998,Frustration,"[""Lab Equipment""]","[""lab equipment"", ""outdated""]",lab equipment is outdated,0.9998,"[{""aspect"": ""Lab Equipment"", ""sentiment"": ""Negative""}]"
FB0517,2026-09-07,library is quiet and useful tbh,Uploaded CSV,Positive,0.9824,Joy,"[""Quiet"", ""Useful""]","[""quiet"", ""useful"", ""library""]",library is quiet and useful tbh,0.9824,"[{""aspect"": ""Library Quiet"", ""sentiment"": ""Positive""}]"
FB0518,2026-07-30,admin replies very late,Uploaded CSV,Negative,0.9977,Frustration,"[""Admin Replies""]","[""admin replies"", ""late""]",admin replies very late,0.9977,"[{""aspect"": ""Admin Replies"", ""sentiment"": ""Negative""}]"
FB0519,2026-07-12,not enough working PCs,Uploaded CSV,Negative,0.9997,Frustration,"[""Pcs""]","[""pcs""]",not enough working PCs,0.9997,"[{""aspect"": ""Working Pcs"", ""sentiment"": ""Negative""}]"
FB0520,2026-08-30,canteen ka food achha nahi hai yaar,Uploaded CSV,Negative,0.9246,Frustration,"[""Canteen Ka Food"", ""Nahi""]","[""canteen ka food"", ""nahi""]",canteen ka food achha nahi hai yaar,0.9246,"[{""aspect"": ""Canteen Ka"", ""sentiment"": ""Negative""}]"
FB0521,2026-10-08,canteen food is bad :(,Uploaded CSV,Negative,0.9997,Frustration,"[""Canteen Food""]","[""canteen food""]",canteen food is bad :(,0.9997,"[{""aspect"": ""Canteen Food"", ""sentiment"": ""Negative""}]"
FB0522,2026-08-12,software installation takes forever,Uploaded CSV,Negative,0.9462,Frustration,"[""Software Installation Takes"", ""Installation Takes Forever""]","[""software installation takes"", ""installation takes forever""]",software installation takes forever,0.9462,"[{""aspect"": ""Software Installation"", ""sentiment"": ""Negative""}]"
FB0523,2026-08-05,food quality has improved 👍,Uploaded CSV,Positive,0.9996,Joy,"[""Food Quality"", ""Improved""]","[""food quality"", ""improved""]",food quality has improved 👍,0.9996,"[{""aspect"": ""Food Quality"", ""sentiment"": ""Positive""}]"
FB0524,2026-06-23,lift doesnt work sometimes,Uploaded CSV,Negative,0.9955,Frustration,"[""Lift""]","[""lift""]",lift doesnt work sometimes,0.9955,"[{""aspect"": ""Lift"", ""sentiment"": ""Negative""}]"
FB0525,2026-05-31,canteen ka food achha nahi hai yaar!!!,Uploaded CSV,Negative,0.8972,Frustration,"[""Canteen Ka Food"", ""Nahi""]","[""canteen ka food"", ""nahi""]",canteen ka food achha nahi hai yaar!!!,0.8972,"[{""aspect"": ""Canteen Ka"", ""sentiment"": ""Negative""}]"
FB0526,2026-08-12,lab  is  good but half the machines are dead,Uploaded CSV,Mixed,0.9944,Concern,"[""Half"", ""Machines""]","[""half"", ""machines"", ""dead"", ""lab""]",lab is good but half the machines are dead,0.9944,"[{""aspect"": ""Lab"", ""sentiment"": ""Positive""}, {""aspect"": ""Half Machines"", ""sentiment"": ""Negative""}]"
FB0527,2026-02-05,software installation takes forever,Uploaded CSV,Negative,0.9462,Frustration,"[""Software Installation Takes"", ""Installation Takes Forever""]","[""software installation takes"", ""installation takes forever""]",software installation takes forever,0.9462,"[{""aspect"": ""Software Installation"", ""sentiment"": ""Negative""}]"
FB0528,2026-07-01,PCs are fine now 👍,Uploaded CSV,Positive,0.9981,Satisfaction,"[""Now"", ""Pcs""]","[""now"", ""pcs""]",PCs are fine now 👍,0.9981,"[{""aspect"": ""Pcs Now"", ""sentiment"": ""Positive""}]"
FB0529,2026-07-21,wifi barely works in block B,Uploaded CSV,Negative,0.9994,Frustration,"[""Block"", ""Wi-Fi""]","[""wifi barely"", ""block""]",wifi barely works in block B,0.9994,"[{""aspect"": ""Wifi"", ""sentiment"": ""Negative""}]"
FB0530,2026-09-25,PCs are fine now 👍,Uploaded CSV,Positive,0.9981,Satisfaction,"[""Now"", ""Pcs""]","[""now"", ""pcs""]",PCs are fine now 👍,0.9981,"[{""aspect"": ""Pcs Now"", ""sentiment"": ""Positive""}]"
FB0531,2026-08-12,projector wasnt working in class,Uploaded CSV,Negative,0.9982,Frustration,"[""Projector"", ""Classes""]","[""projector"", ""class""]",projector wasnt working in class,0.9982,"[{""aspect"": ""Projector"", ""sentiment"": ""Negative""}]"
FB0532,2026-04-08,canteen ka food achha nahi hai yaar,Uploaded CSV,Negative,0.9246,Frustration,"[""Canteen Ka Food"", ""Nahi""]","[""canteen ka food"", ""nahi""]",canteen ka food achha nahi hai yaar,0.9246,"[{""aspect"": ""Canteen Ka"", ""sentiment"": ""Negative""}]"
FB0533,2026-09-25,washroom cleaning is much better now,Uploaded CSV,Positive,0.9696,Satisfaction,"[""Washroom Cleaning"", ""Now""]","[""washroom cleaning"", ""now""]",washroom cleaning is much better now,0.9696,"[{""aspect"": ""Washroom Cleaning"", ""sentiment"": ""Positive""}]"
FB0534,2026-08-24,forms are not clear at all,Uploaded CSV,Negative,0.9997,Frustration,"[""Forms"", ""Clear""]","[""forms"", ""clear"", ""all""]",forms are not clear at all,0.9997,"[{""aspect"": ""Forms Clear"", ""sentiment"": ""Negative""}]"
FB0535,2026-08-15,professor doesnt explain doubts properly,Uploaded CSV,Negative,0.9997,Frustration,"[""Explain Doubts Properly"", ""Professor""]","[""explain doubts properly"", ""professor""]",professor doesnt explain doubts properly,0.9997,"[{""aspect"": ""Professor Doesnt"", ""sentiment"": ""Negative""}]"
FB0536,2026-10-05,"books are good, but the AC is too cold",Uploaded CSV,Mixed,0.9972,Concern,"[""Books"", ""Ac""]","[""books"", ""ac"", ""cold""]","books are good, but the AC is too cold",0.9972,"[{""aspect"": ""Books"", ""sentiment"": ""Positive""}, {""aspect"": ""Ac Cold"", ""sentiment"": ""Negative""}]"
FB0537,2026-08-13,library is great but closes too early,Uploaded CSV,Negative,0.9929,Frustration,"[""Library""]","[""early"", ""library""]",library is great but closes too early,0.9929,"[{""aspect"": ""Library"", ""sentiment"": ""Positive""}, {""aspect"": ""Closes Early"", ""sentiment"": ""Negative""}]"
FB0538,2026-09-18,some teachers are helpful but lectures feel rushed,Uploaded CSV,Negative,0.997,Frustration,"[""Teachers"", ""Rushed""]","[""teachers"", ""rushed"", ""lectures""]",some teachers are helpful but lectures feel rushed,0.997,"[{""aspect"": ""Some Teachers"", ""sentiment"": ""Positive""}, {""aspect"": ""Lectures Feel"", ""sentiment"": ""Negative""}]"
FB0539,2026-08-30,too many last minute changes,Uploaded CSV,Negative,0.998,Frustration,"[""Last Minute Changes""]","[""last minute changes""]",too many last minute changes,0.998,"[{""aspect"": ""Last Minute Changes"", ""sentiment"": ""Negative""}]"
FB0540,2026-07-27,too many last minute changes,Uploaded CSV,Negative,0.998,Frustration,"[""Last Minute Changes""]","[""last minute changes""]",too many last minute changes,0.998,"[{""aspect"": ""Last Minute Changes"", ""sentiment"": ""Negative""}]"
FB0541,2026-08-13,wifi bahut slow hai yaar 😭,Uploaded CSV,Negative,0.9906,Frustration,"[""Wifi Bahut""]","[""wifi bahut slow""]",wifi bahut slow hai yaar 😭,0.9906,"[{""aspect"": ""Wifi Bahut"", ""sentiment"": ""Negative""}]"
FB0542,2026-08-13,documents were processed quickly :),Uploaded CSV,Negative,0.9885,Frustration,"[""Processed Quickly"", ""Documents""]","[""processed quickly"", ""documents""]",documents were processed quickly :),0.9885,"[{""aspect"": ""Documents Processed"", ""sentiment"": ""Negative""}]"
FB0543,2026-07-03,PCs are fine now 👍,Uploaded CSV,Positive,0.9981,Satisfaction,"[""Now"", ""Pcs""]","[""now"", ""pcs""]",PCs are fine now 👍,0.9981,"[{""aspect"": ""Pcs Now"", ""sentiment"": ""Positive""}]"
FB0544,2026-06-05,internet keeps disconnecting every few mins,Uploaded CSV,Negative,0.998,Frustration,"[""Disconnecting Every"", ""Internet""]","[""disconnecting every"", ""internet"", ""mins""]",internet keeps disconnecting every few mins,0.998,"[{""aspect"": ""Internet Keeps"", ""sentiment"": ""Negative""}]"
FB0545,2026-08-08,companies were actually good this year,Uploaded CSV,Positive,0.9999,Satisfaction,"[""Year"", ""Companies""]","[""year"", ""companies""]",companies were actually good this year,0.9999,"[{""aspect"": ""Companies Year"", ""sentiment"": ""Positive""}]"
FB0546,2026-08-13,wifi barely works in block B,Uploaded CSV,Negative,0.9994,Frustration,"[""Block"", ""Wi-Fi""]","[""wifi barely"", ""block""]",wifi barely works in block B,0.9994,"[{""aspect"": ""Wifi"", ""sentiment"": ""Negative""}]"
FB0547,2026-07-08,campus wifi is actually decent,Uploaded CSV,Positive,0.9996,Satisfaction,"[""Campus Wifi""]","[""campus wifi""]",campus wifi is actually decent,0.9996,"[{""aspect"": ""Campus Wifi"", ""sentiment"": ""Positive""}]"
FB0548,2026-07-19,companies were actually good this year,Uploaded CSV,Positive,0.9999,Satisfaction,"[""Year"", ""Companies""]","[""year"", ""companies""]",companies were actually good this year,0.9999,"[{""aspect"": ""Companies Year"", ""sentiment"": ""Positive""}]"
FB0549,2026-07-18,forms are not clear at all ,Uploaded CSV,Negative,0.9997,Frustration,"[""Forms"", ""Clear""]","[""forms"", ""clear"", ""all""]",forms are not clear at all,0.9997,"[{""aspect"": ""Forms Clear"", ""sentiment"": ""Negative""}]"
FB0550,2026-08-23,placement updates are very late tbh,Uploaded CSV,Negative,0.9989,Frustration,"[""Placement Updates""]","[""placement updates"", ""late""]",placement updates are very late tbh,0.9989,"[{""aspect"": ""Placement Updates"", ""sentiment"": ""Negative""}]"
FB0551,2026-08-07,chai is good but lunch is sooo expensive,Uploaded CSV,Mixed,0.8008,Concern,"[""Sooo Expensive"", ""Chai""]","[""sooo expensive"", ""chai"", ""lunch""]",chai is good but lunch is sooo expensive,0.8008,"[{""aspect"": ""Chai"", ""sentiment"": ""Positive""}, {""aspect"": ""Lunch Sooo"", ""sentiment"": ""Negative""}]"
FB0552,2026-08-13,not enough interview rooms,Uploaded CSV,Negative,0.9994,Frustration,"[""Interview Rooms""]","[""interview rooms""]",not enough interview rooms,0.9994,"[{""aspect"": ""Interview Rooms"", ""sentiment"": ""Negative""}]"
FB0553,2026-07-30,Wi-Fi is sooo slow in the evening 😡,Uploaded CSV,Negative,0.9983,Anger,"[""Wi-Fi"", ""Evening""]","[""sooo slow"", ""wi-fi"", ""evening""]",Wi-Fi is sooo slow in the evening 😡,0.9983,"[{""aspect"": ""Wi-Fi Sooo"", ""sentiment"": ""Negative""}]"
FB0554,2026-06-29,not enough interview rooms,Uploaded CSV,Negative,0.9994,Frustration,"[""Interview Rooms""]","[""interview rooms""]",not enough interview rooms,0.9994,"[{""aspect"": ""Interview Rooms"", ""sentiment"": ""Negative""}]"
FB0555,2026-06-24,notes are useful but examples are missing?!,Uploaded CSV,Mixed,0.9988,Concern,"[""Notes"", ""Examples""]","[""notes"", ""examples"", ""missing"", ""useful""]",notes are useful but examples are missing?!,0.9988,"[{""aspect"": ""Notes Useful"", ""sentiment"": ""Positive""}, {""aspect"": ""Examples Missing"", ""sentiment"": ""Negative""}]"
FB0556,2026-08-13,library is great but closes too early,Uploaded CSV,Negative,0.9929,Frustration,"[""Library""]","[""early"", ""library""]",library is great but closes too early,0.9929,"[{""aspect"": ""Library"", ""sentiment"": ""Positive""}, {""aspect"": ""Closes Early"", ""sentiment"": ""Negative""}]"
FB0557,2026-08-13,internet  keeps disconnecting every few mins,Uploaded CSV,Negative,0.998,Frustration,"[""Disconnecting Every"", ""Internet""]","[""disconnecting every"", ""internet"", ""mins""]",internet keeps disconnecting every few mins,0.998,"[{""aspect"": ""Internet Keeps"", ""sentiment"": ""Negative""}]"
FB0558,2026-08-30,wifi bahut slow hai yaar 😭,Uploaded CSV,Negative,0.9906,Frustration,"[""Wifi Bahut""]","[""wifi bahut slow""]",wifi bahut slow hai yaar 😭,0.9906,"[{""aspect"": ""Wifi Bahut"", ""sentiment"": ""Negative""}]"
FB0559,2026-07-21,internet keeps disconnecting every few mins,Uploaded CSV,Negative,0.998,Frustration,"[""Disconnecting Every"", ""Internet""]","[""disconnecting every"", ""internet"", ""mins""]",internet keeps disconnecting every few mins,0.998,"[{""aspect"": ""Internet Keeps"", ""sentiment"": ""Negative""}]"
FB0560,2026-09-04,admin replies very late,Uploaded CSV,Negative,0.9977,Frustration,"[""Admin Replies""]","[""admin replies"", ""late""]",admin replies very late,0.9977,"[{""aspect"": ""Admin Replies"", ""sentiment"": ""Negative""}]"
FB0561,2026-08-14,Network dies during online tests!!! 👍,Uploaded CSV,Negative,0.9998,Frustration,"[""Online Tests"", ""Network""]","[""network dies"", ""online tests""]",Network dies during online tests!!! 👍,0.9998,"[{""aspect"": ""Network"", ""sentiment"": ""Negative""}]"
FB0562,2026-08-14,building  looks nice but the lift is always broken,Uploaded CSV,Mixed,0.9982,Concern,"[""Always Broken"", ""Building""]","[""always broken"", ""building"", ""nice"", ""lift""]",building looks nice but the lift is always broken,0.9982,"[{""aspect"": ""Building Looks"", ""sentiment"": ""Positive""}, {""aspect"": ""Lift Always"", ""sentiment"": ""Negative""}]"
FB0563,2026-08-11,faculty is sooo goooddddd :D...,Uploaded CSV,Negative,0.9968,Frustration,"[""Sooo Goooddddd"", ""Faculty""]","[""sooo goooddddd"", ""faculty""]",faculty is sooo goooddddd :D...,0.9968,"[{""aspect"": ""Faculty Sooo"", ""sentiment"": ""Negative""}]"
FB0564,2026-06-06,food quality has improved 👍,Uploaded CSV,Positive,0.9996,Joy,"[""Food Quality"", ""Improved""]","[""food quality"", ""improved""]",food quality has improved 👍,0.9996,"[{""aspect"": ""Food Quality"", ""sentiment"": ""Positive""}]"
FB0565,2026-07-10,washroom cleaning is much better now,Uploaded CSV,Positive,0.9696,Satisfaction,"[""Washroom Cleaning"", ""Now""]","[""washroom cleaning"", ""now""]",washroom cleaning is much better now,0.9696,"[{""aspect"": ""Washroom Cleaning"", ""sentiment"": ""Positive""}]"
FB0566,2026-08-14,too many last minute changes in placement schedule,Uploaded CSV,Negative,0.9995,Frustration,"[""Last Minute Changes"", ""Placement Schedule""]","[""last minute changes"", ""placement schedule""]",too many last minute changes in placement schedule,0.9995,"[{""aspect"": ""Last Minute Changes Placement Schedule"", ""sentiment"": ""Negative""}]"
FB0567,2026-09-06,canteen  ka food achha nahi hai yaar,Uploaded CSV,Negative,0.9246,Frustration,"[""Canteen Ka Food"", ""Nahi""]","[""canteen ka food"", ""nahi""]",canteen ka food achha nahi hai yaar,0.9246,"[{""aspect"": ""Canteen Ka"", ""sentiment"": ""Negative""}]"
FB0568,2026-08-11,canteen ka food achha nahi hai yaar,Uploaded CSV,Negative,0.9246,Frustration,"[""Canteen Ka Food"", ""Nahi""]","[""canteen ka food"", ""nahi""]",canteen ka food achha nahi hai yaar,0.9246,"[{""aspect"": ""Canteen Ka"", ""sentiment"": ""Negative""}]"
FB0569,2026-06-17,too many last minute changes in placement schedule,Uploaded CSV,Negative,0.9995,Frustration,"[""Last Minute Changes"", ""Placement Schedule""]","[""last minute changes"", ""placement schedule""]",too many last minute changes in placement schedule,0.9995,"[{""aspect"": ""Last Minute Changes Placement Schedule"", ""sentiment"": ""Negative""}]"
FB0570,2026-08-21,placement  process  is confusing,Uploaded CSV,Negative,0.9992,Frustration,"[""Placement Process""]","[""placement process"", ""confusing""]",placement process is confusing,0.9992,"[{""aspect"": ""Placement Process"", ""sentiment"": ""Negative""}]"
FB0571,2026-12-05,the library timings are not enough for evening study,Uploaded CSV,Negative,0.9995,Frustration,"[""Evening Study"", ""Library Timings""]","[""evening study"", ""library timings""]",the library timings are not enough for evening study,0.9995,"[{""aspect"": ""Library Timings"", ""sentiment"": ""Negative""}]"
FB0572,2026-08-14,teaching  quality is actually great,Uploaded CSV,Positive,0.9999,Satisfaction,"[""Teaching Quality""]","[""teaching quality""]",teaching quality is actually great,0.9999,"[{""aspect"": ""Teaching Quality"", ""sentiment"": ""Positive""}]"
FB0573,2026-08-15,Love the library :) but there are hardly any seats,Uploaded CSV,Mixed,0.99,Concern,"[""Hardly Any Seats"", ""Love""]","[""hardly any seats"", ""love"", ""there"", ""library""]",Love the library :) but there are hardly any seats,0.99,"[{""aspect"": ""Love Library"", ""sentiment"": ""Positive""}, {""aspect"": ""There Hardly"", ""sentiment"": ""Neutral""}]"
FB0574,2026-07-08,notes  are  useful but examples are missing,Uploaded CSV,Mixed,0.9976,Concern,"[""Notes"", ""Examples""]","[""notes"", ""examples"", ""missing"", ""useful""]",notes are useful but examples are missing,0.9976,"[{""aspect"": ""Notes Useful"", ""sentiment"": ""Positive""}, {""aspect"": ""Examples Missing"", ""sentiment"": ""Negative""}]"
FB0575,2026-09-02,internet keeps disconnecting every few mins,Uploaded CSV,Negative,0.998,Frustration,"[""Disconnecting Every"", ""Internet""]","[""disconnecting every"", ""internet"", ""mins""]",internet keeps disconnecting every few mins,0.998,"[{""aspect"": ""Internet Keeps"", ""sentiment"": ""Negative""}]"
FB0576,2026-01-07,library staff is helpful,Uploaded CSV,Positive,0.9997,Joy,"[""Library Staff""]","[""library staff""]",library staff is helpful,0.9997,"[{""aspect"": ""Library Staff"", ""sentiment"": ""Positive""}]"
FB0577,2026-01-06,professor doesn't explain doubts properly,Uploaded CSV,Negative,0.9997,Frustration,"[""Professor Doesn'T Explain"", ""Doesn'T Explain Doubts""]","[""professor doesn't explain"", ""doesn't explain doubts"", ""explain doubts properly""]",professor doesn't explain doubts properly,0.9997,"[{""aspect"": ""Professor Doesn'T"", ""sentiment"": ""Negative""}]"
FB0578,2026-08-08,new classrooms are really good!,Uploaded CSV,Positive,0.9999,Satisfaction,"[""New Classrooms""]","[""new classrooms""]",new classrooms are really good!,0.9999,"[{""aspect"": ""New Classrooms"", ""sentiment"": ""Positive""}]"
FB0579,2026-07-29,new  classrooms  are really good!,Uploaded CSV,Positive,0.9999,Satisfaction,"[""New Classrooms""]","[""new classrooms""]",new classrooms are really good!,0.9999,"[{""aspect"": ""New Classrooms"", ""sentiment"": ""Positive""}]"
FB0580,2026-09-25,library staff is helpful,Uploaded CSV,Positive,0.9997,Joy,"[""Library Staff""]","[""library staff""]",library staff is helpful,0.9997,"[{""aspect"": ""Library Staff"", ""sentiment"": ""Positive""}]"
FB0581,2026-12-07,"classes are okay, nothing special...",Uploaded CSV,Negative,0.9631,Frustration,"[""Nothing Special"", ""Classes""]","[""nothing special"", ""classes""]","classes are okay, nothing special...",0.9631,"[{""aspect"": ""Classes Nothing"", ""sentiment"": ""Negative""}]"
FB0582,2026-10-07,some teachers are helpful but lectures feel rushed,Uploaded CSV,Negative,0.997,Frustration,"[""Teachers"", ""Rushed""]","[""teachers"", ""rushed"", ""lectures""]",some teachers are helpful but lectures feel rushed,0.997,"[{""aspect"": ""Some Teachers"", ""sentiment"": ""Positive""}, {""aspect"": ""Lectures Feel"", ""sentiment"": ""Negative""}]"
FB0583,2026-07-13,companies were actually good this year,Uploaded CSV,Positive,0.9999,Satisfaction,"[""Year"", ""Companies""]","[""year"", ""companies""]",companies were actually good this year,0.9999,"[{""aspect"": ""Companies Year"", ""sentiment"": ""Positive""}]"
FB0584,2026-07-01,faculty is sooo goooddddd :D,Uploaded CSV,Negative,0.9941,Frustration,"[""Sooo Goooddddd"", ""Faculty""]","[""sooo goooddddd"", ""faculty""]",faculty is sooo goooddddd :D,0.9941,"[{""aspect"": ""Faculty Sooo"", ""sentiment"": ""Negative""}]"
FB0585,2026-08-26,documents were processed quickly :),Uploaded CSV,Negative,0.9885,Frustration,"[""Processed Quickly"", ""Documents""]","[""processed quickly"", ""documents""]",documents were processed quickly :),0.9885,"[{""aspect"": ""Documents Processed"", ""sentiment"": ""Negative""}]"
FB0586,2026-02-07,new classrooms are really good!,Uploaded CSV,Positive,0.9999,Satisfaction,"[""New Classrooms""]","[""new classrooms""]",new classrooms are really good!,0.9999,"[{""aspect"": ""New Classrooms"", ""sentiment"": ""Positive""}]"
FB0587,2026-10-08,fees payment was smooth this time,Uploaded CSV,Neutral,0.5813,Neutral,"[""Fees Payment"", ""Smooth""]","[""fees payment"", ""smooth"", ""time""]",fees payment was smooth this time,0.5813,"[{""aspect"": ""Fees Payment"", ""sentiment"": ""Neutral""}]"
FB0588,2026-08-09,classrooms are clean and comfortable,Uploaded CSV,Positive,0.9998,Satisfaction,"[""New Classrooms"", ""Clean""]","[""classrooms"", ""clean""]",classrooms are clean and comfortable,0.9998,"[{""aspect"": ""Classrooms Clean"", ""sentiment"": ""Positive""}]"
FB0589,2026-08-08,admin replies very late,Uploaded CSV,Negative,0.9977,Frustration,"[""Admin Replies""]","[""admin replies"", ""late""]",admin replies very late,0.9977,"[{""aspect"": ""Admin Replies"", ""sentiment"": ""Negative""}]"
FB0590,2026-06-09,Wi-Fi is sooo slow in the evening 😡,Uploaded CSV,Negative,0.9983,Anger,"[""Wi-Fi"", ""Evening""]","[""sooo slow"", ""wi-fi"", ""evening""]",Wi-Fi is sooo slow in the evening 😡,0.9983,"[{""aspect"": ""Wi-Fi Sooo"", ""sentiment"": ""Negative""}]"
FB0591,2026-09-05,WiFi is sooo slow in the evening 😡,Uploaded CSV,Negative,0.9977,Anger,"[""Evening"", ""Sooo""]","[""sooo slow"", ""evening"", ""wifi""]",WiFi is sooo slow in the evening 😡,0.9977,"[{""aspect"": ""Wifi Sooo"", ""sentiment"": ""Negative""}]"
FB0592,2026-08-15,canteen  food  is bad :(,Uploaded CSV,Negative,0.9997,Frustration,"[""Canteen Food""]","[""canteen food""]",canteen food is bad :(,0.9997,"[{""aspect"": ""Canteen Food"", ""sentiment"": ""Negative""}]"
FB0593,2026-06-03,wifi bahut slow hai yaar 😭,Uploaded CSV,Negative,0.9906,Frustration,"[""Wifi Bahut""]","[""wifi bahut slow""]",wifi bahut slow hai yaar 😭,0.9906,"[{""aspect"": ""Wifi Bahut"", ""sentiment"": ""Negative""}]"
FB0594,2026-08-06,net is fine in the morning but terrible later,Uploaded CSV,Mixed,0.9912,Concern,"[""Net"", ""Morning""]","[""net"", ""morning"", ""later""]",net is fine in the morning but terrible later,0.9912,"[{""aspect"": ""Net Morning"", ""sentiment"": ""Positive""}, {""aspect"": ""Later"", ""sentiment"": ""Negative""}]"
FB0595,2026-06-02,software installation takes forever,Uploaded CSV,Negative,0.9462,Frustration,"[""Software Installation Takes"", ""Installation Takes Forever""]","[""software installation takes"", ""installation takes forever""]",software installation takes forever,0.9462,"[{""aspect"": ""Software Installation"", ""sentiment"": ""Negative""}]"
FB0596,2026-08-15,placements look better this semester 👍,Uploaded CSV,Negative,0.9833,Frustration,"[""Placements"", ""Semester""]","[""placements"", ""semester""]",placements look better this semester 👍,0.9833,"[{""aspect"": ""Placements Look"", ""sentiment"": ""Negative""}]"
FB0597,2026-08-15,library is great but closes too early 😭,Uploaded CSV,Negative,0.994,Frustration,"[""Library""]","[""early"", ""library""]",library is great but closes too early 😭,0.994,"[{""aspect"": ""Library"", ""sentiment"": ""Positive""}, {""aspect"": ""Closes Early"", ""sentiment"": ""Negative""}]"
FB0598,2026-09-10,lab bahut crowded hai during practicals,Uploaded CSV,Negative,0.9913,Frustration,"[""Lab Bahut Crowded"", ""Practicals""]","[""lab bahut crowded"", ""practicals""]",lab bahut crowded hai during practicals,0.9913,"[{""aspect"": ""Lab Bahut"", ""sentiment"": ""Negative""}]"
FB0599,2026-07-21,placement updates are very late tbh,Uploaded CSV,Negative,0.9989,Frustration,"[""Placement Updates""]","[""placement updates"", ""late""]",placement updates are very late tbh,0.9989,"[{""aspect"": ""Placement Updates"", ""sentiment"": ""Negative""}]"
FB0600,2026-07-08,documents  were processed quickly :),Uploaded CSV,Negative,0.9885,Frustration,"[""Processed Quickly"", ""Documents""]","[""processed quickly"", ""documents""]",documents were processed quickly :),0.9885,"[{""aspect"": ""Documents Processed"", ""sentiment"": ""Negative""}]"
FB0601,2026-08-15,library staff is helpful,Uploaded CSV,Positive,0.9997,Joy,"[""Library Staff""]","[""library staff""]",library staff is helpful,0.9997,"[{""aspect"": ""Library Staff"", ""sentiment"": ""Positive""}]"
FB0602,2026-10-07,wifi barely works in block B,Uploaded CSV,Negative,0.9994,Frustration,"[""Block"", ""Wi-Fi""]","[""wifi barely"", ""block""]",wifi barely works in block B,0.9994,"[{""aspect"": ""Wifi"", ""sentiment"": ""Negative""}]"
FB0603,2026-08-29,too many last minute changes,Uploaded CSV,Negative,0.998,Frustration,"[""Last Minute Changes""]","[""last minute changes""]",too many last minute changes,0.998,"[{""aspect"": ""Last Minute Changes"", ""sentiment"": ""Negative""}]"
FB0604,2026-08-21,food is actually pretty good today! :),Uploaded CSV,Positive,0.9999,Satisfaction,"[""Pretty"", ""Food""]","[""pretty"", ""food""]",food is actually pretty good today! :),0.9999,"[{""aspect"": ""Food Pretty"", ""sentiment"": ""Positive""}]"
FB0605,2026-09-25,lift doesnt work sometimes,Uploaded CSV,Negative,0.9955,Frustration,"[""Lift""]","[""lift""]",lift doesnt work sometimes,0.9955,"[{""aspect"": ""Lift"", ""sentiment"": ""Negative""}]"
FB0606,2026-05-06,internet  keeps  disconnecting every few mins,Uploaded CSV,Negative,0.998,Frustration,"[""Disconnecting Every"", ""Internet""]","[""disconnecting every"", ""internet"", ""mins""]",internet keeps disconnecting every few mins,0.998,"[{""aspect"": ""Internet Keeps"", ""sentiment"": ""Negative""}]"
FB0607,2026-06-06,wifi barely works in block B,Uploaded CSV,Negative,0.9994,Frustration,"[""Block"", ""Wi-Fi""]","[""wifi barely"", ""block""]",wifi barely works in block B,0.9994,"[{""aspect"": ""Wifi"", ""sentiment"": ""Negative""}]"
FB0608,2026-07-11,Network dies during online tests!!!,Uploaded CSV,Negative,0.9998,Frustration,"[""Online Tests"", ""Network""]","[""network dies"", ""online tests""]",Network dies during online tests!!!,0.9998,"[{""aspect"": ""Network"", ""sentiment"": ""Negative""}]"
FB0609,2026-09-04,internet keeps disconnecting every few mins,Uploaded CSV,Negative,0.998,Frustration,"[""Disconnecting Every"", ""Internet""]","[""disconnecting every"", ""internet"", ""mins""]",internet keeps disconnecting every few mins,0.998,"[{""aspect"": ""Internet Keeps"", ""sentiment"": ""Negative""}]"
FB0610,2026-06-30,placement updates are very late tbh btw,Uploaded CSV,Negative,0.9989,Frustration,"[""Placement Updates"", ""Btw""]","[""placement updates"", ""btw"", ""late""]",placement updates are very late tbh btw,0.9989,"[{""aspect"": ""Placement Updates"", ""sentiment"": ""Negative""}]"
FB0611,2026-08-15,placement cell is helpful but communication is slow,Uploaded CSV,Negative,0.9976,Frustration,"[""Placement Cell"", ""Communication""]","[""placement cell"", ""communication"", ""slow""]",placement cell is helpful but communication is slow,0.9976,"[{""aspect"": ""Placement Cell"", ""sentiment"": ""Positive""}, {""aspect"": ""Communication"", ""sentiment"": ""Negative""}]"
FB0612,2026-10-08,placements look better this semester 👍,Uploaded CSV,Negative,0.9833,Frustration,"[""Placements"", ""Semester""]","[""placements"", ""semester""]",placements look better this semester 👍,0.9833,"[{""aspect"": ""Placements Look"", ""sentiment"": ""Negative""}]"
FB0613,2026-07-15,"books are good, but the AC is too cold",Uploaded CSV,Mixed,0.9972,Concern,"[""Books"", ""Ac""]","[""books"", ""ac"", ""cold""]","books are good, but the AC is too cold",0.9972,"[{""aspect"": ""Books"", ""sentiment"": ""Positive""}, {""aspect"": ""Ac Cold"", ""sentiment"": ""Negative""}]"
FB0614,2026-07-13,wifi barely works in block B,Uploaded CSV,Negative,0.9994,Frustration,"[""Block"", ""Wi-Fi""]","[""wifi barely"", ""block""]",wifi barely works in block B,0.9994,"[{""aspect"": ""Wifi"", ""sentiment"": ""Negative""}]"
FB0615,2026-07-04,placements look better this semester 👍 tbh,Uploaded CSV,Negative,0.9933,Frustration,"[""Placements"", ""Semester""]","[""placements"", ""semester""]",placements look better this semester 👍 tbh,0.9933,"[{""aspect"": ""Placements Look"", ""sentiment"": ""Negative""}]"
FB0616,2026-08-16,fees  payment  was smooth this time,Uploaded CSV,Neutral,0.5813,Neutral,"[""Fees Payment"", ""Smooth""]","[""fees payment"", ""smooth"", ""time""]",fees payment was smooth this time,0.5813,"[{""aspect"": ""Fees Payment"", ""sentiment"": ""Neutral""}]"
FB0617,2026-08-16,food quality has improved 👍,Uploaded CSV,Positive,0.9996,Joy,"[""Food Quality"", ""Improved""]","[""food quality"", ""improved""]",food quality has improved 👍,0.9996,"[{""aspect"": ""Food Quality"", ""sentiment"": ""Positive""}]"
FB0618,2026-06-11,lab  bahut crowded hai during practicals,Uploaded CSV,Negative,0.9913,Frustration,"[""Lab Bahut Crowded"", ""Practicals""]","[""lab bahut crowded"", ""practicals""]",lab bahut crowded hai during practicals,0.9913,"[{""aspect"": ""Lab Bahut"", ""sentiment"": ""Negative""}]"
FB0619,2026-09-08,not enough working PCs,Uploaded CSV,Negative,0.9997,Frustration,"[""Pcs""]","[""pcs""]",not enough working PCs,0.9997,"[{""aspect"": ""Working Pcs"", ""sentiment"": ""Negative""}]"
FB0620,2026-06-11,food quality has improved 👍...,Uploaded CSV,Positive,0.9995,Joy,"[""Food Quality"", ""Improved""]","[""food quality"", ""improved""]",food quality has improved 👍...,0.9995,"[{""aspect"": ""Food Quality"", ""sentiment"": ""Positive""}]"
FB0621,2026-08-16,campus wifi is actually decent,Uploaded CSV,Positive,0.9996,Satisfaction,"[""Campus Wifi""]","[""campus wifi""]",campus wifi is actually decent,0.9996,"[{""aspect"": ""Campus Wifi"", ""sentiment"": ""Positive""}]"
FB0622,2026-11-07,food  is  actually pretty good today!,Uploaded CSV,Positive,0.9999,Satisfaction,"[""Pretty"", ""Food""]","[""pretty"", ""food""]",food is actually pretty good today!,0.9999,"[{""aspect"": ""Food Pretty"", ""sentiment"": ""Positive""}]"
FB0623,2026-07-16,placement updates are very late tbh,Uploaded CSV,Negative,0.9989,Frustration,"[""Placement Updates""]","[""placement updates"", ""late""]",placement updates are very late tbh,0.9989,"[{""aspect"": ""Placement Updates"", ""sentiment"": ""Negative""}]"
FB0624,2026-07-11,"books are good, but the AC is too cold",Uploaded CSV,Mixed,0.9972,Concern,"[""Books"", ""Ac""]","[""books"", ""ac"", ""cold""]","books are good, but the AC is too cold",0.9972,"[{""aspect"": ""Books"", ""sentiment"": ""Positive""}, {""aspect"": ""Ac Cold"", ""sentiment"": ""Negative""}]"
FB0625,2026-09-07,placement updates are very late tbh :/,Uploaded CSV,Negative,0.9991,Frustration,"[""Placement Updates""]","[""placement updates"", ""late""]",placement updates are very late tbh :/,0.9991,"[{""aspect"": ""Placement Updates"", ""sentiment"": ""Negative""}]"
FB0626,2026-08-16,library staff is helpful,Uploaded CSV,Positive,0.9997,Joy,"[""Library Staff""]","[""library staff""]",library staff is helpful,0.9997,"[{""aspect"": ""Library Staff"", ""sentiment"": ""Positive""}]"
FB0627,2026-08-16,some teachers are helpful but lectures feel rushed,Uploaded CSV,Negative,0.997,Frustration,"[""Teachers"", ""Rushed""]","[""teachers"", ""rushed"", ""lectures""]",some teachers are helpful but lectures feel rushed,0.997,"[{""aspect"": ""Some Teachers"", ""sentiment"": ""Positive""}, {""aspect"": ""Lectures Feel"", ""sentiment"": ""Negative""}]"
FB0628,2026-06-19,canteen is clean but food quality needs work :/,Uploaded CSV,Mixed,0.9761,Frustration,"[""Food Quality"", ""Clean""]","[""food quality"", ""clean"", ""canteen""]",canteen is clean but food quality needs work :/,0.9761,"[{""aspect"": ""Canteen Clean"", ""sentiment"": ""Positive""}, {""aspect"": ""Food Quality"", ""sentiment"": ""Negative""}]"
FB0629,2026-07-08,Love the library :) but there are hardly any seats,Uploaded CSV,Mixed,0.99,Concern,"[""Hardly Any Seats"", ""Love""]","[""hardly any seats"", ""love"", ""there"", ""library""]",Love the library :) but there are hardly any seats,0.99,"[{""aspect"": ""Love Library"", ""sentiment"": ""Positive""}, {""aspect"": ""There Hardly"", ""sentiment"": ""Neutral""}]"
FB0630,2026-07-02,forms are not clear at all,Uploaded CSV,Negative,0.9997,Frustration,"[""Forms"", ""Clear""]","[""forms"", ""clear"", ""all""]",forms are not clear at all,0.9997,"[{""aspect"": ""Forms Clear"", ""sentiment"": ""Negative""}]"
FB0631,2026-08-16,notes are useful but examples are missing,Uploaded CSV,Mixed,0.9976,Concern,"[""Notes"", ""Examples""]","[""notes"", ""examples"", ""missing"", ""useful""]",notes are useful but examples are missing,0.9976,"[{""aspect"": ""Notes Useful"", ""sentiment"": ""Positive""}, {""aspect"": ""Examples Missing"", ""sentiment"": ""Negative""}]"
FB0632,2026-01-05,too many last minute changes,Uploaded CSV,Negative,0.998,Frustration,"[""Last Minute Changes""]","[""last minute changes""]",too many last minute changes,0.998,"[{""aspect"": ""Last Minute Changes"", ""sentiment"": ""Negative""}]"
FB0633,2026-07-19,companies were actually good this year,Uploaded CSV,Positive,0.9999,Satisfaction,"[""Year"", ""Companies""]","[""year"", ""companies""]",companies were actually good this year,0.9999,"[{""aspect"": ""Companies Year"", ""sentiment"": ""Positive""}]"
FB0634,2026-08-15,parking is a mess during peak hours tbh,Uploaded CSV,Negative,0.9998,Frustration,"[""Peak Hours"", ""Parking""]","[""peak hours"", ""parking"", ""mess""]",parking is a mess during peak hours tbh,0.9998,"[{""aspect"": ""Parking Mess"", ""sentiment"": ""Negative""}]"
FB0635,2026-06-25,canteen is clean but food quality needs work tbh,Uploaded CSV,Negative,0.9732,Frustration,"[""Food Quality"", ""Clean""]","[""food quality"", ""clean"", ""canteen""]",canteen is clean but food quality needs work tbh,0.9732,"[{""aspect"": ""Canteen Clean"", ""sentiment"": ""Positive""}, {""aspect"": ""Food Quality"", ""sentiment"": ""Negative""}]"
FB0636,2026-08-16,registration process is confusing,Uploaded CSV,Negative,0.9992,Frustration,"[""Registration Process""]","[""registration process"", ""confusing""]",registration process is confusing,0.9992,"[{""aspect"": ""Registration Process"", ""sentiment"": ""Negative""}]"
FB0637,2026-08-16,new classrooms are really good!,Uploaded CSV,Positive,0.9999,Satisfaction,"[""New Classrooms""]","[""new classrooms""]",new classrooms are really good!,0.9999,"[{""aspect"": ""New Classrooms"", ""sentiment"": ""Positive""}]"
FB0638,2026-07-12,documents were processed quickly :),Uploaded CSV,Negative,0.9885,Frustration,"[""Processed Quickly"", ""Documents""]","[""processed quickly"", ""documents""]",documents were processed quickly :),0.9885,"[{""aspect"": ""Documents Processed"", ""sentiment"": ""Negative""}]"
FB0639,2026-07-20,companies were actually good this year,Uploaded CSV,Positive,0.9999,Satisfaction,"[""Year"", ""Companies""]","[""year"", ""companies""]",companies were actually good this year,0.9999,"[{""aspect"": ""Companies Year"", ""sentiment"": ""Positive""}]"
FB0640,2026-06-25,lift doesnt work sometimes,Uploaded CSV,Negative,0.9955,Frustration,"[""Lift""]","[""lift""]",lift doesnt work sometimes,0.9955,"[{""aspect"": ""Lift"", ""sentiment"": ""Negative""}]"
FB0641,2026-08-17,canteen food is bad :(,Uploaded CSV,Negative,0.9997,Frustration,"[""Canteen Food""]","[""canteen food""]",canteen food is bad :(,0.9997,"[{""aspect"": ""Canteen Food"", ""sentiment"": ""Negative""}]"
FB0642,2026-08-17,notes are useful but examples are missing,Uploaded CSV,Mixed,0.9976,Concern,"[""Notes"", ""Examples""]","[""notes"", ""examples"", ""missing"", ""useful""]",notes are useful but examples are missing,0.9976,"[{""aspect"": ""Notes Useful"", ""sentiment"": ""Positive""}, {""aspect"": ""Examples Missing"", ""sentiment"": ""Negative""}]"
FB0643,2026-06-18,the library timings are not enough for evening study,Uploaded CSV,Negative,0.9995,Frustration,"[""Evening Study"", ""Library Timings""]","[""evening study"", ""library timings""]",the library timings are not enough for evening study,0.9995,"[{""aspect"": ""Library Timings"", ""sentiment"": ""Negative""}]"
FB0644,2026-08-30,not  enough working PCs,Uploaded CSV,Negative,0.9997,Frustration,"[""Pcs""]","[""pcs""]",not enough working PCs,0.9997,"[{""aspect"": ""Working Pcs"", ""sentiment"": ""Negative""}]"
FB0645,2026-07-27,placements look better this semester 👍,Uploaded CSV,Negative,0.9833,Frustration,"[""Placements"", ""Semester""]","[""placements"", ""semester""]",placements look better this semester 👍,0.9833,"[{""aspect"": ""Placements Look"", ""sentiment"": ""Negative""}]"
FB0646,2026-09-07,documents were processed quickly :),Uploaded CSV,Negative,0.9885,Frustration,"[""Processed Quickly"", ""Documents""]","[""processed quickly"", ""documents""]",documents were processed quickly :),0.9885,"[{""aspect"": ""Documents Processed"", ""sentiment"": ""Negative""}]"
FB0647,2026-12-08,WiFi is not good after 6pm :(,Uploaded CSV,Negative,0.9997,Frustration,"[""After 6Pm"", ""Wi-Fi""]","[""after 6pm"", ""wifi""]",WiFi is not good after 6pm :(,0.9997,"[{""aspect"": ""Wifi After"", ""sentiment"": ""Negative""}]"
FB0648,2026-08-24,library is great but closes too early,Uploaded CSV,Negative,0.9929,Frustration,"[""Library""]","[""early"", ""library""]",library is great but closes too early,0.9929,"[{""aspect"": ""Library"", ""sentiment"": ""Positive""}, {""aspect"": ""Closes Early"", ""sentiment"": ""Negative""}]"
FB0649,2026-06-05,classrooms are clean and comfortable,Uploaded CSV,Positive,0.9998,Satisfaction,"[""New Classrooms"", ""Clean""]","[""classrooms"", ""clean""]",classrooms are clean and comfortable,0.9998,"[{""aspect"": ""Classrooms Clean"", ""sentiment"": ""Positive""}]"
FB0650,2026-06-13,placements look better this semester 👍 :/,Uploaded CSV,Negative,0.9938,Frustration,"[""Placements"", ""Semester""]","[""placements"", ""semester""]",placements look better this semester 👍 :/,0.9938,"[{""aspect"": ""Placements Look"", ""sentiment"": ""Negative""}]"
FB0651,2026-08-17,wifi  barely works in block B,Uploaded CSV,Negative,0.9994,Frustration,"[""Block"", ""Wi-Fi""]","[""wifi barely"", ""block""]",wifi barely works in block B,0.9994,"[{""aspect"": ""Wifi"", ""sentiment"": ""Negative""}]"
FB0652,2026-08-17,washroom cleaning is much better now,Uploaded CSV,Positive,0.9696,Satisfaction,"[""Washroom Cleaning"", ""Now""]","[""washroom cleaning"", ""now""]",washroom cleaning is much better now,0.9696,"[{""aspect"": ""Washroom Cleaning"", ""sentiment"": ""Positive""}]"
FB0653,2026-07-24,wifi bahut slow hai yaar 😭,Uploaded CSV,Negative,0.9906,Frustration,"[""Wifi Bahut""]","[""wifi bahut slow""]",wifi bahut slow hai yaar 😭,0.9906,"[{""aspect"": ""Wifi Bahut"", ""sentiment"": ""Negative""}]"
FB0654,2026-09-01,library is great but closes too early,Uploaded CSV,Negative,0.9929,Frustration,"[""Library""]","[""early"", ""library""]",library is great but closes too early,0.9929,"[{""aspect"": ""Library"", ""sentiment"": ""Positive""}, {""aspect"": ""Closes Early"", ""sentiment"": ""Negative""}]"
FB0655,2026-09-08,chai is good but lunch is sooo expensive :/,Uploaded CSV,Mixed,0.9138,Frustration,"[""Sooo Expensive"", ""Chai""]","[""sooo expensive"", ""chai"", ""lunch""]",chai is good but lunch is sooo expensive :/,0.9138,"[{""aspect"": ""Chai"", ""sentiment"": ""Positive""}, {""aspect"": ""Lunch Sooo"", ""sentiment"": ""Negative""}]"
FB0656,2026-08-17,notes are useful but examples are missing...,Uploaded CSV,Mixed,0.9979,Concern,"[""Notes"", ""Examples""]","[""notes"", ""examples"", ""missing"", ""useful""]",notes are useful but examples are missing...,0.9979,"[{""aspect"": ""Notes Useful"", ""sentiment"": ""Positive""}, {""aspect"": ""Examples Missing"", ""sentiment"": ""Negative""}]"
FB0657,2026-06-05,registration process is confusing,Uploaded CSV,Negative,0.9992,Frustration,"[""Registration Process""]","[""registration process"", ""confusing""]",registration process is confusing,0.9992,"[{""aspect"": ""Registration Process"", ""sentiment"": ""Negative""}]"
FB0658,2026-08-22,library is great but closes too early,Uploaded CSV,Negative,0.9929,Frustration,"[""Library""]","[""early"", ""library""]",library is great but closes too early,0.9929,"[{""aspect"": ""Library"", ""sentiment"": ""Positive""}, {""aspect"": ""Closes Early"", ""sentiment"": ""Negative""}]"
FB0659,2026-09-27,library staff is helpful,Uploaded CSV,Positive,0.9997,Joy,"[""Library Staff""]","[""library staff""]",library staff is helpful,0.9997,"[{""aspect"": ""Library Staff"", ""sentiment"": ""Positive""}]"
FB0660,2026-07-12,some teachers are helpful but lectures feel rushed,Uploaded CSV,Negative,0.997,Frustration,"[""Teachers"", ""Rushed""]","[""teachers"", ""rushed"", ""lectures""]",some teachers are helpful but lectures feel rushed,0.997,"[{""aspect"": ""Some Teachers"", ""sentiment"": ""Positive""}, {""aspect"": ""Lectures Feel"", ""sentiment"": ""Negative""}]"
FB0661,2026-08-17,too  many  last minute changes in placement schedule,Uploaded CSV,Negative,0.9995,Frustration,"[""Last Minute Changes"", ""Placement Schedule""]","[""last minute changes"", ""placement schedule""]",too many last minute changes in placement schedule,0.9995,"[{""aspect"": ""Last Minute Changes Placement Schedule"", ""sentiment"": ""Negative""}]"
FB0662,2026-08-17,prices are too high for the portion,Uploaded CSV,Negative,0.999,Frustration,"[""Portion"", ""Prices""]","[""portion"", ""prices"", ""high""]",prices are too high for the portion,0.999,"[{""aspect"": ""Prices"", ""sentiment"": ""Negative""}]"
FB0663,2026-09-22,placement updates are very late tbh,Uploaded CSV,Negative,0.9989,Frustration,"[""Placement Updates""]","[""placement updates"", ""late""]",placement updates are very late tbh,0.9989,"[{""aspect"": ""Placement Updates"", ""sentiment"": ""Negative""}]"
FB0664,2026-07-19,notes are useful but examples are missing,Uploaded CSV,Mixed,0.9976,Concern,"[""Notes"", ""Examples""]","[""notes"", ""examples"", ""missing"", ""useful""]",notes are useful but examples are missing,0.9976,"[{""aspect"": ""Notes Useful"", ""sentiment"": ""Positive""}, {""aspect"": ""Examples Missing"", ""sentiment"": ""Negative""}]"
FB0665,2026-08-12,internet  keeps disconnecting every few mins,Uploaded CSV,Negative,0.998,Frustration,"[""Disconnecting Every"", ""Internet""]","[""disconnecting every"", ""internet"", ""mins""]",internet keeps disconnecting every few mins,0.998,"[{""aspect"": ""Internet Keeps"", ""sentiment"": ""Negative""}]"
FB0666,2026-08-17,"books  are  good, but the AC is too cold",Uploaded CSV,Mixed,0.9972,Concern,"[""Books"", ""Ac""]","[""books"", ""ac"", ""cold""]","books are good, but the AC is too cold",0.9972,"[{""aspect"": ""Books"", ""sentiment"": ""Positive""}, {""aspect"": ""Ac Cold"", ""sentiment"": ""Negative""}]"
FB0667,2026-07-07,too  many  last minute changes,Uploaded CSV,Negative,0.998,Frustration,"[""Last Minute Changes""]","[""last minute changes""]",too many last minute changes,0.998,"[{""aspect"": ""Last Minute Changes"", ""sentiment"": ""Negative""}]"
FB0668,2026-08-15,washroom cleaning is much better now,Uploaded CSV,Positive,0.9696,Satisfaction,"[""Washroom Cleaning"", ""Now""]","[""washroom cleaning"", ""now""]",washroom cleaning is much better now,0.9696,"[{""aspect"": ""Washroom Cleaning"", ""sentiment"": ""Positive""}]"
FB0669,2026-07-28,library is quiet and useful,Uploaded CSV,Positive,0.9992,Joy,"[""Quiet"", ""Useful""]","[""quiet"", ""useful"", ""library""]",library is quiet and useful,0.9992,"[{""aspect"": ""Library Quiet"", ""sentiment"": ""Positive""}]"
FB0670,2026-08-14,canteen is clean but food quality needs work,Uploaded CSV,Negative,0.9558,Frustration,"[""Food Quality"", ""Clean""]","[""food quality"", ""clean"", ""canteen""]",canteen is clean but food quality needs work,0.9558,"[{""aspect"": ""Canteen Clean"", ""sentiment"": ""Positive""}, {""aspect"": ""Food Quality"", ""sentiment"": ""Negative""}]"
FB0671,2026-08-18,library staff is helpful,Uploaded CSV,Positive,0.9997,Joy,"[""Library Staff""]","[""library staff""]",library staff is helpful,0.9997,"[{""aspect"": ""Library Staff"", ""sentiment"": ""Positive""}]"
FB0672,2026-08-18,sir was really good!!!,Uploaded CSV,Positive,0.9999,Satisfaction,"[""Sir""]","[""sir""]",sir was really good!!!,0.9999,"[{""aspect"": ""Sir"", ""sentiment"": ""Positive""}]"
FB0673,2026-08-13,food quality has improved 👍,Uploaded CSV,Positive,0.9996,Joy,"[""Food Quality"", ""Improved""]","[""food quality"", ""improved""]",food quality has improved 👍,0.9996,"[{""aspect"": ""Food Quality"", ""sentiment"": ""Positive""}]"
FB0674,2026-08-10,too  many last minute changes in placement schedule,Uploaded CSV,Negative,0.9995,Frustration,"[""Last Minute Changes"", ""Placement Schedule""]","[""last minute changes"", ""placement schedule""]",too many last minute changes in placement schedule,0.9995,"[{""aspect"": ""Last Minute Changes Placement Schedule"", ""sentiment"": ""Negative""}]"
FB0675,2026-07-10,canteen ka food achha nahi hai yaar!!!,Uploaded CSV,Negative,0.8972,Frustration,"[""Canteen Ka Food"", ""Nahi""]","[""canteen ka food"", ""nahi""]",canteen ka food achha nahi hai yaar!!!,0.8972,"[{""aspect"": ""Canteen Ka"", ""sentiment"": ""Negative""}]"
FB0676,2026-08-18,documents were processed quickly :),Uploaded CSV,Negative,0.9885,Frustration,"[""Processed Quickly"", ""Documents""]","[""processed quickly"", ""documents""]",documents were processed quickly :),0.9885,"[{""aspect"": ""Documents Processed"", ""sentiment"": ""Negative""}]"
FB0677,2026-08-18,wifi bahut slow hai yaar 😭,Uploaded CSV,Negative,0.9906,Frustration,"[""Wifi Bahut""]","[""wifi bahut slow""]",wifi bahut slow hai yaar 😭,0.9906,"[{""aspect"": ""Wifi Bahut"", ""sentiment"": ""Negative""}]"
FB0678,2026-07-23,not enough interview rooms :),Uploaded CSV,Negative,0.9991,Frustration,"[""Interview Rooms""]","[""interview rooms""]",not enough interview rooms :),0.9991,"[{""aspect"": ""Interview Rooms"", ""sentiment"": ""Negative""}]"
FB0679,2026-07-26,fees payment was smooth this time,Uploaded CSV,Neutral,0.5813,Neutral,"[""Fees Payment"", ""Smooth""]","[""fees payment"", ""smooth"", ""time""]",fees payment was smooth this time,0.5813,"[{""aspect"": ""Fees Payment"", ""sentiment"": ""Neutral""}]"
FB0680,2026-06-03,admin replies very late,Uploaded CSV,Negative,0.9977,Frustration,"[""Admin Replies""]","[""admin replies"", ""late""]",admin replies very late,0.9977,"[{""aspect"": ""Admin Replies"", ""sentiment"": ""Negative""}]"
FB0681,2026-08-18,sir was really good!!!,Uploaded CSV,Positive,0.9999,Satisfaction,"[""Sir""]","[""sir""]",sir was really good!!!,0.9999,"[{""aspect"": ""Sir"", ""sentiment"": ""Positive""}]"
FB0682,2026-12-07,not enough working PCs,Uploaded CSV,Negative,0.9997,Frustration,"[""Pcs""]","[""pcs""]",not enough working PCs,0.9997,"[{""aspect"": ""Working Pcs"", ""sentiment"": ""Negative""}]"
FB0683,2026-06-15,documents were processed quickly :) :(,Uploaded CSV,Negative,0.9923,Frustration,"[""Processed Quickly"", ""Documents""]","[""processed quickly"", ""documents""]",documents were processed quickly :) :(,0.9923,"[{""aspect"": ""Documents Processed"", ""sentiment"": ""Negative""}]"
FB0684,2026-07-16,lab bahut crowded hai during practicals,Uploaded CSV,Negative,0.9913,Frustration,"[""Lab Bahut Crowded"", ""Practicals""]","[""lab bahut crowded"", ""practicals""]",lab bahut crowded hai during practicals,0.9913,"[{""aspect"": ""Lab Bahut"", ""sentiment"": ""Negative""}]"
FB0685,2026-07-24,wifi bahut slow hai yaar 😭,Uploaded CSV,Negative,0.9906,Frustration,"[""Wifi Bahut""]","[""wifi bahut slow""]",wifi bahut slow hai yaar 😭,0.9906,"[{""aspect"": ""Wifi Bahut"", ""sentiment"": ""Negative""}]"
FB0686,2026-05-08,library staff is helpful ,Uploaded CSV,Positive,0.9997,Joy,"[""Library Staff""]","[""library staff""]",library staff is helpful,0.9997,"[{""aspect"": ""Library Staff"", ""sentiment"": ""Positive""}]"
FB0687,2026-05-05,sir was really good!!!,Uploaded CSV,Positive,0.9999,Satisfaction,"[""Sir""]","[""sir""]",sir was really good!!!,0.9999,"[{""aspect"": ""Sir"", ""sentiment"": ""Positive""}]"
FB0688,2026-07-27,registration process is confusing...,Uploaded CSV,Negative,0.9993,Frustration,"[""Registration Process""]","[""registration process"", ""confusing""]",registration process is confusing...,0.9993,"[{""aspect"": ""Registration Process"", ""sentiment"": ""Negative""}]"
FB0689,2026-09-18,Love  the  library :) but there are hardly any seats,Uploaded CSV,Mixed,0.99,Concern,"[""Hardly Any Seats"", ""Love""]","[""hardly any seats"", ""love"", ""there"", ""library""]",Love the library :) but there are hardly any seats,0.99,"[{""aspect"": ""Love Library"", ""sentiment"": ""Positive""}, {""aspect"": ""There Hardly"", ""sentiment"": ""Neutral""}]"
FB0690,2026-09-08,placement process is confusing,Uploaded CSV,Negative,0.9992,Frustration,"[""Placement Process""]","[""placement process"", ""confusing""]",placement process is confusing,0.9992,"[{""aspect"": ""Placement Process"", ""sentiment"": ""Negative""}]"
FB0691,2026-12-07,professor doesnt explain doubts properly,Uploaded CSV,Negative,0.9997,Frustration,"[""Explain Doubts Properly"", ""Professor""]","[""explain doubts properly"", ""professor""]",professor doesnt explain doubts properly,0.9997,"[{""aspect"": ""Professor Doesnt"", ""sentiment"": ""Negative""}]"
FB0692,2026-08-18,new classrooms are really good!,Uploaded CSV,Positive,0.9999,Satisfaction,"[""New Classrooms""]","[""new classrooms""]",new classrooms are really good!,0.9999,"[{""aspect"": ""New Classrooms"", ""sentiment"": ""Positive""}]"
FB0693,2026-09-18,new classrooms are really good!?!,Uploaded CSV,Positive,0.9998,Satisfaction,"[""New Classrooms""]","[""new classrooms""]",new classrooms are really good!?!,0.9998,"[{""aspect"": ""New Classrooms"", ""sentiment"": ""Positive""}]"
FB0694,2026-09-08,Love the library :) but there are hardly any seats,Uploaded CSV,Mixed,0.99,Concern,"[""Hardly Any Seats"", ""Love""]","[""hardly any seats"", ""love"", ""there"", ""library""]",Love the library :) but there are hardly any seats,0.99,"[{""aspect"": ""Love Library"", ""sentiment"": ""Positive""}, {""aspect"": ""There Hardly"", ""sentiment"": ""Neutral""}]"
FB0695,2026-09-18,placement updates are very late tbh,Uploaded CSV,Negative,0.9989,Frustration,"[""Placement Updates""]","[""placement updates"", ""late""]",placement updates are very late tbh,0.9989,"[{""aspect"": ""Placement Updates"", ""sentiment"": ""Negative""}]"
FB0696,2026-08-19,prices  are  too high for the portion,Uploaded CSV,Negative,0.999,Frustration,"[""Portion"", ""Prices""]","[""portion"", ""prices"", ""high""]",prices are too high for the portion,0.999,"[{""aspect"": ""Prices"", ""sentiment"": ""Negative""}]"
FB0697,2026-08-19,faculty is sooo goooddddd :D,Uploaded CSV,Negative,0.9941,Frustration,"[""Sooo Goooddddd"", ""Faculty""]","[""sooo goooddddd"", ""faculty""]",faculty is sooo goooddddd :D,0.9941,"[{""aspect"": ""Faculty Sooo"", ""sentiment"": ""Negative""}]"
FB0698,2026-07-22,too many last minute changes in placement schedule,Uploaded CSV,Negative,0.9995,Frustration,"[""Last Minute Changes"", ""Placement Schedule""]","[""last minute changes"", ""placement schedule""]",too many last minute changes in placement schedule,0.9995,"[{""aspect"": ""Last Minute Changes Placement Schedule"", ""sentiment"": ""Negative""}]"
FB0699,2026-07-17,PCs are fine now 👍,Uploaded CSV,Positive,0.9981,Satisfaction,"[""Now"", ""Pcs""]","[""now"", ""pcs""]",PCs are fine now 👍,0.9981,"[{""aspect"": ""Pcs Now"", ""sentiment"": ""Positive""}]"
FB0700,2026-09-19,fees payment was smooth this time...,Uploaded CSV,Positive,0.8899,Satisfaction,"[""Fees Payment"", ""Smooth""]","[""fees payment"", ""smooth"", ""time""]",fees payment was smooth this time...,0.8899,"[{""aspect"": ""Fees Payment"", ""sentiment"": ""Positive""}]"
FB0701,2026-08-19,library staff is helpful,Uploaded CSV,Positive,0.9997,Joy,"[""Library Staff""]","[""library staff""]",library staff is helpful,0.9997,"[{""aspect"": ""Library Staff"", ""sentiment"": ""Positive""}]"
FB0702,2026-08-19,lift doesnt work sometimes,Uploaded CSV,Negative,0.9955,Frustration,"[""Lift""]","[""lift""]",lift doesnt work sometimes,0.9955,"[{""aspect"": ""Lift"", ""sentiment"": ""Negative""}]"
FB0703,2026-08-03,faculty is sooo goooddddd :D,Uploaded CSV,Negative,0.9941,Frustration,"[""Sooo Goooddddd"", ""Faculty""]","[""sooo goooddddd"", ""faculty""]",faculty is sooo goooddddd :D,0.9941,"[{""aspect"": ""Faculty Sooo"", ""sentiment"": ""Negative""}]"
FB0704,2026-07-13,projector wasnt working in class,Uploaded CSV,Negative,0.9982,Frustration,"[""Projector"", ""Classes""]","[""projector"", ""class""]",projector wasnt working in class,0.9982,"[{""aspect"": ""Projector"", ""sentiment"": ""Negative""}]"
FB0705,2026-09-22,canteen ka food achha nahi hai yaar,Uploaded CSV,Negative,0.9246,Frustration,"[""Canteen Ka Food"", ""Nahi""]","[""canteen ka food"", ""nahi""]",canteen ka food achha nahi hai yaar,0.9246,"[{""aspect"": ""Canteen Ka"", ""sentiment"": ""Negative""}]"
FB0706,2026-09-08,Wi-Fi is sooo slow in the evening 😡,Uploaded CSV,Negative,0.9983,Anger,"[""Wi-Fi"", ""Evening""]","[""sooo slow"", ""wi-fi"", ""evening""]",Wi-Fi is sooo slow in the evening 😡,0.9983,"[{""aspect"": ""Wi-Fi Sooo"", ""sentiment"": ""Negative""}]"
FB0707,2026-08-19,too many last minute changes,Uploaded CSV,Negative,0.998,Frustration,"[""Last Minute Changes""]","[""last minute changes""]",too many last minute changes,0.998,"[{""aspect"": ""Last Minute Changes"", ""sentiment"": ""Negative""}]"
FB0708,2026-06-26,canteen ka food achha nahi hai yaar,Uploaded CSV,Negative,0.9246,Frustration,"[""Canteen Ka Food"", ""Nahi""]","[""canteen ka food"", ""nahi""]",canteen ka food achha nahi hai yaar,0.9246,"[{""aspect"": ""Canteen Ka"", ""sentiment"": ""Negative""}]"
FB0709,2026-09-27,canteen is clean but food quality needs work,Uploaded CSV,Negative,0.9558,Frustration,"[""Food Quality"", ""Clean""]","[""food quality"", ""clean"", ""canteen""]",canteen is clean but food quality needs work,0.9558,"[{""aspect"": ""Canteen Clean"", ""sentiment"": ""Positive""}, {""aspect"": ""Food Quality"", ""sentiment"": ""Negative""}]"
FB0710,2026-07-02,lab equipment is outdated,Uploaded CSV,Negative,0.9998,Frustration,"[""Lab Equipment""]","[""lab equipment"", ""outdated""]",lab equipment is outdated,0.9998,"[{""aspect"": ""Lab Equipment"", ""sentiment"": ""Negative""}]"
FB0711,2026-08-19,library is quiet and useful,Uploaded CSV,Positive,0.9992,Joy,"[""Quiet"", ""Useful""]","[""quiet"", ""useful"", ""library""]",library is quiet and useful,0.9992,"[{""aspect"": ""Library Quiet"", ""sentiment"": ""Positive""}]"
FB0712,2026-10-06,canteen food is bad :(,Uploaded CSV,Negative,0.9997,Frustration,"[""Canteen Food""]","[""canteen food""]",canteen food is bad :(,0.9997,"[{""aspect"": ""Canteen Food"", ""sentiment"": ""Negative""}]"
FB0713,2026-08-30,faculty is sooo goooddddd :D,Uploaded CSV,Negative,0.9941,Frustration,"[""Sooo Goooddddd"", ""Faculty""]","[""sooo goooddddd"", ""faculty""]",faculty is sooo goooddddd :D,0.9941,"[{""aspect"": ""Faculty Sooo"", ""sentiment"": ""Negative""}]"
FB0714,2026-06-16,library  is great but closes too early,Uploaded CSV,Negative,0.9929,Frustration,"[""Library""]","[""early"", ""library""]",library is great but closes too early,0.9929,"[{""aspect"": ""Library"", ""sentiment"": ""Positive""}, {""aspect"": ""Closes Early"", ""sentiment"": ""Negative""}]"
FB0715,2026-08-28,notes are useful but examples are missing,Uploaded CSV,Mixed,0.9976,Concern,"[""Notes"", ""Examples""]","[""notes"", ""examples"", ""missing"", ""useful""]",notes are useful but examples are missing,0.9976,"[{""aspect"": ""Notes Useful"", ""sentiment"": ""Positive""}, {""aspect"": ""Examples Missing"", ""sentiment"": ""Negative""}]"
FB0716,2026-08-19,lift doesnt work sometimes,Uploaded CSV,Negative,0.9955,Frustration,"[""Lift""]","[""lift""]",lift doesnt work sometimes,0.9955,"[{""aspect"": ""Lift"", ""sentiment"": ""Negative""}]"
FB0717,2026-08-19,canteen ka food achha nahi hai yaar,Uploaded CSV,Negative,0.9246,Frustration,"[""Canteen Ka Food"", ""Nahi""]","[""canteen ka food"", ""nahi""]",canteen ka food achha nahi hai yaar,0.9246,"[{""aspect"": ""Canteen Ka"", ""sentiment"": ""Negative""}]"
FB0718,2026-06-14,library staff is helpful,Uploaded CSV,Positive,0.9997,Joy,"[""Library Staff""]","[""library staff""]",library staff is helpful,0.9997,"[{""aspect"": ""Library Staff"", ""sentiment"": ""Positive""}]"
FB0719,2026-06-17,building looks nice but the lift is always broken,Uploaded CSV,Mixed,0.9982,Concern,"[""Always Broken"", ""Building""]","[""always broken"", ""building"", ""nice"", ""lift""]",building looks nice but the lift is always broken,0.9982,"[{""aspect"": ""Building Looks"", ""sentiment"": ""Positive""}, {""aspect"": ""Lift Always"", ""sentiment"": ""Negative""}]"
FB0720,2026-09-19,placements look better this semester 👍,Uploaded CSV,Negative,0.9833,Frustration,"[""Placements"", ""Semester""]","[""placements"", ""semester""]",placements look better this semester 👍,0.9833,"[{""aspect"": ""Placements Look"", ""sentiment"": ""Negative""}]"
FB0721,2026-12-07,prices are too high for the portion,Uploaded CSV,Negative,0.999,Frustration,"[""Portion"", ""Prices""]","[""portion"", ""prices"", ""high""]",prices are too high for the portion,0.999,"[{""aspect"": ""Prices"", ""sentiment"": ""Negative""}]"
FB0722,2026-08-20,Network dies during online tests!!!,Uploaded CSV,Negative,0.9998,Frustration,"[""Online Tests"", ""Network""]","[""network dies"", ""online tests""]",Network dies during online tests!!!,0.9998,"[{""aspect"": ""Network"", ""sentiment"": ""Negative""}]"
FB0723,2026-07-27,food quality has improved 👍,Uploaded CSV,Positive,0.9996,Joy,"[""Food Quality"", ""Improved""]","[""food quality"", ""improved""]",food quality has improved 👍,0.9996,"[{""aspect"": ""Food Quality"", ""sentiment"": ""Positive""}]"
FB0724,2026-06-17,faculty explains concepts really well :),Uploaded CSV,Positive,0.9993,Satisfaction,"[""Faculty Explains Concepts""]","[""faculty explains concepts""]",faculty explains concepts really well :),0.9993,"[{""aspect"": ""Faculty Explains"", ""sentiment"": ""Positive""}]"
FB0725,2026-07-14,"books are good, but the AC is too cold",Uploaded CSV,Mixed,0.9972,Concern,"[""Books"", ""Ac""]","[""books"", ""ac"", ""cold""]","books are good, but the AC is too cold",0.9972,"[{""aspect"": ""Books"", ""sentiment"": ""Positive""}, {""aspect"": ""Ac Cold"", ""sentiment"": ""Negative""}]"
FB0726,2026-02-06,companies were actually good this year,Uploaded CSV,Positive,0.9999,Satisfaction,"[""Year"", ""Companies""]","[""year"", ""companies""]",companies were actually good this year,0.9999,"[{""aspect"": ""Companies Year"", ""sentiment"": ""Positive""}]"
FB0727,2026-10-07,PCs are fine now 👍,Uploaded CSV,Positive,0.9981,Satisfaction,"[""Now"", ""Pcs""]","[""now"", ""pcs""]",PCs are fine now 👍,0.9981,"[{""aspect"": ""Pcs Now"", ""sentiment"": ""Positive""}]"
FB0728,2026-06-04,lab bahut crowded hai during practicals,Uploaded CSV,Negative,0.9913,Frustration,"[""Lab Bahut Crowded"", ""Practicals""]","[""lab bahut crowded"", ""practicals""]",lab bahut crowded hai during practicals,0.9913,"[{""aspect"": ""Lab Bahut"", ""sentiment"": ""Negative""}]"
FB0729,2026-06-24,not enough working PCs :(,Uploaded CSV,Negative,0.9996,Frustration,"[""Pcs""]","[""pcs""]",not enough working PCs :(,0.9996,"[{""aspect"": ""Working Pcs"", ""sentiment"": ""Negative""}]"
FB0730,2026-09-08,companies were actually good this year,Uploaded CSV,Positive,0.9999,Satisfaction,"[""Year"", ""Companies""]","[""year"", ""companies""]",companies were actually good this year,0.9999,"[{""aspect"": ""Companies Year"", ""sentiment"": ""Positive""}]"
FB0731,2026-01-06,notes are useful but examples are missing,Uploaded CSV,Mixed,0.9976,Concern,"[""Notes"", ""Examples""]","[""notes"", ""examples"", ""missing"", ""useful""]",notes are useful but examples are missing,0.9976,"[{""aspect"": ""Notes Useful"", ""sentiment"": ""Positive""}, {""aspect"": ""Examples Missing"", ""sentiment"": ""Negative""}]"
FB0732,2026-07-07,office staff is helpful but the queue is too long,Uploaded CSV,Negative,0.9992,Frustration,"[""Office Staff"", ""Queue""]","[""office staff"", ""queue"", ""long""]",office staff is helpful but the queue is too long,0.9992,"[{""aspect"": ""Office Staff"", ""sentiment"": ""Positive""}, {""aspect"": ""Queue Long"", ""sentiment"": ""Negative""}]"
FB0733,2026-06-17,WiFi is not good after 6pm :(,Uploaded CSV,Negative,0.9997,Frustration,"[""After 6Pm"", ""Wi-Fi""]","[""after 6pm"", ""wifi""]",WiFi is not good after 6pm :(,0.9997,"[{""aspect"": ""Wifi After"", ""sentiment"": ""Negative""}]"
FB0734,2026-07-23,placements look better this semester 👍,Uploaded CSV,Negative,0.9833,Frustration,"[""Placements"", ""Semester""]","[""placements"", ""semester""]",placements look better this semester 👍,0.9833,"[{""aspect"": ""Placements Look"", ""sentiment"": ""Negative""}]"
FB0735,2026-09-06,classrooms are clean and comfortable,Uploaded CSV,Positive,0.9998,Satisfaction,"[""New Classrooms"", ""Clean""]","[""classrooms"", ""clean""]",classrooms are clean and comfortable,0.9998,"[{""aspect"": ""Classrooms Clean"", ""sentiment"": ""Positive""}]"
FB0736,2026-02-05,library is great but closes too early,Uploaded CSV,Negative,0.9929,Frustration,"[""Library""]","[""early"", ""library""]",library is great but closes too early,0.9929,"[{""aspect"": ""Library"", ""sentiment"": ""Positive""}, {""aspect"": ""Closes Early"", ""sentiment"": ""Negative""}]"
FB0737,2026-08-05,not enough working PCs,Uploaded CSV,Negative,0.9997,Frustration,"[""Pcs""]","[""pcs""]",not enough working PCs,0.9997,"[{""aspect"": ""Working Pcs"", ""sentiment"": ""Negative""}]"
FB0738,2026-08-04,not enough interview rooms tbh,Uploaded CSV,Negative,0.9993,Frustration,"[""Interview Rooms""]","[""interview rooms""]",not enough interview rooms tbh,0.9993,"[{""aspect"": ""Interview Rooms"", ""sentiment"": ""Negative""}]"
FB0739,2026-06-10,too many last minute changes in placement schedule,Uploaded CSV,Negative,0.9995,Frustration,"[""Last Minute Changes"", ""Placement Schedule""]","[""last minute changes"", ""placement schedule""]",too many last minute changes in placement schedule,0.9995,"[{""aspect"": ""Last Minute Changes Placement Schedule"", ""sentiment"": ""Negative""}]"
FB0740,2026-06-10,canteen is clean but food quality needs work,Uploaded CSV,Negative,0.9558,Frustration,"[""Food Quality"", ""Clean""]","[""food quality"", ""clean"", ""canteen""]",canteen is clean but food quality needs work,0.9558,"[{""aspect"": ""Canteen Clean"", ""sentiment"": ""Positive""}, {""aspect"": ""Food Quality"", ""sentiment"": ""Negative""}]"
FB0741,2026-08-20,some teachers are helpful but lectures feel rushed,Uploaded CSV,Negative,0.997,Frustration,"[""Teachers"", ""Rushed""]","[""teachers"", ""rushed"", ""lectures""]",some teachers are helpful but lectures feel rushed,0.997,"[{""aspect"": ""Some Teachers"", ""sentiment"": ""Positive""}, {""aspect"": ""Lectures Feel"", ""sentiment"": ""Negative""}]"
FB0742,2026-02-08,library is quiet and useful,Uploaded CSV,Positive,0.9992,Joy,"[""Quiet"", ""Useful""]","[""quiet"", ""useful"", ""library""]",library is quiet and useful,0.9992,"[{""aspect"": ""Library Quiet"", ""sentiment"": ""Positive""}]"
FB0743,2026-06-15,teaching  quality  is actually great,Uploaded CSV,Positive,0.9999,Satisfaction,"[""Teaching Quality""]","[""teaching quality""]",teaching quality is actually great,0.9999,"[{""aspect"": ""Teaching Quality"", ""sentiment"": ""Positive""}]"
FB0744,2026-07-09,documents were processed quickly :),Uploaded CSV,Negative,0.9885,Frustration,"[""Processed Quickly"", ""Documents""]","[""processed quickly"", ""documents""]",documents were processed quickly :),0.9885,"[{""aspect"": ""Documents Processed"", ""sentiment"": ""Negative""}]"
FB0745,2026-06-17,food is actually pretty good today!,Uploaded CSV,Positive,0.9999,Satisfaction,"[""Pretty"", ""Food""]","[""pretty"", ""food""]",food is actually pretty good today!,0.9999,"[{""aspect"": ""Food Pretty"", ""sentiment"": ""Positive""}]"
FB0746,2026-06-07,Network dies during online tests!!! 👍,Uploaded CSV,Negative,0.9998,Frustration,"[""Online Tests"", ""Network""]","[""network dies"", ""online tests""]",Network dies during online tests!!! 👍,0.9998,"[{""aspect"": ""Network"", ""sentiment"": ""Negative""}]"
FB0747,2026-04-08,not enough working PCs,Uploaded CSV,Negative,0.9997,Frustration,"[""Pcs""]","[""pcs""]",not enough working PCs,0.9997,"[{""aspect"": ""Working Pcs"", ""sentiment"": ""Negative""}]"
FB0748,2026-09-07,PCs are fine now 👍,Uploaded CSV,Positive,0.9981,Satisfaction,"[""Now"", ""Pcs""]","[""now"", ""pcs""]",PCs are fine now 👍,0.9981,"[{""aspect"": ""Pcs Now"", ""sentiment"": ""Positive""}]"
FB0749,2026-07-04,WiFi is not good after 6pm :(,Uploaded CSV,Negative,0.9997,Frustration,"[""After 6Pm"", ""Wi-Fi""]","[""after 6pm"", ""wifi""]",WiFi is not good after 6pm :(,0.9997,"[{""aspect"": ""Wifi After"", ""sentiment"": ""Negative""}]"
FB0750,2026-08-12,library is quiet and useful,Uploaded CSV,Positive,0.9992,Joy,"[""Quiet"", ""Useful""]","[""quiet"", ""useful"", ""library""]",library is quiet and useful,0.9992,"[{""aspect"": ""Library Quiet"", ""sentiment"": ""Positive""}]"
FB0751,2026-08-05,the library timings are not enough for evening study,Uploaded CSV,Negative,0.9995,Frustration,"[""Evening Study"", ""Library Timings""]","[""evening study"", ""library timings""]",the library timings are not enough for evening study,0.9995,"[{""aspect"": ""Library Timings"", ""sentiment"": ""Negative""}]"
FB0752,2026-08-21,forms are not clear at all,Uploaded CSV,Negative,0.9997,Frustration,"[""Forms"", ""Clear""]","[""forms"", ""clear"", ""all""]",forms are not clear at all,0.9997,"[{""aspect"": ""Forms Clear"", ""sentiment"": ""Negative""}]"
FB0753,2026-09-23,canteen is clean but food quality needs work,Uploaded CSV,Negative,0.9558,Frustration,"[""Food Quality"", ""Clean""]","[""food quality"", ""clean"", ""canteen""]",canteen is clean but food quality needs work,0.9558,"[{""aspect"": ""Canteen Clean"", ""sentiment"": ""Positive""}, {""aspect"": ""Food Quality"", ""sentiment"": ""Negative""}]"
FB0754,2026-05-31,Love the library :) but there are hardly any seats,Uploaded CSV,Mixed,0.99,Concern,"[""Hardly Any Seats"", ""Love""]","[""hardly any seats"", ""love"", ""there"", ""library""]",Love the library :) but there are hardly any seats,0.99,"[{""aspect"": ""Love Library"", ""sentiment"": ""Positive""}, {""aspect"": ""There Hardly"", ""sentiment"": ""Neutral""}]"
FB0755,2026-07-16,Wi-Fi  is  sooo slow in the evening 😡,Uploaded CSV,Negative,0.9983,Anger,"[""Wi-Fi"", ""Evening""]","[""sooo slow"", ""wi-fi"", ""evening""]",Wi-Fi is sooo slow in the evening 😡,0.9983,"[{""aspect"": ""Wi-Fi Sooo"", ""sentiment"": ""Negative""}]"
FB0756,2026-08-21,placement process is confusing,Uploaded CSV,Negative,0.9992,Frustration,"[""Placement Process""]","[""placement process"", ""confusing""]",placement process is confusing,0.9992,"[{""aspect"": ""Placement Process"", ""sentiment"": ""Negative""}]"
FB0757,2026-08-21,net  is fine in the morning but terrible later,Uploaded CSV,Mixed,0.9912,Concern,"[""Net"", ""Morning""]","[""net"", ""morning"", ""later""]",net is fine in the morning but terrible later,0.9912,"[{""aspect"": ""Net Morning"", ""sentiment"": ""Positive""}, {""aspect"": ""Later"", ""sentiment"": ""Negative""}]"
FB0758,2026-08-13,new classrooms are really good!,Uploaded CSV,Positive,0.9999,Satisfaction,"[""New Classrooms""]","[""new classrooms""]",new classrooms are really good!,0.9999,"[{""aspect"": ""New Classrooms"", ""sentiment"": ""Positive""}]"
FB0759,2026-06-22,lift doesnt work sometimes 😡,Uploaded CSV,Negative,0.9874,Anger,"[""Lift""]","[""lift""]",lift doesnt work sometimes 😡,0.9874,"[{""aspect"": ""Lift"", ""sentiment"": ""Negative""}]"
FB0760,2026-06-08,teaching quality is actually great,Uploaded CSV,Positive,0.9999,Satisfaction,"[""Teaching Quality""]","[""teaching quality""]",teaching quality is actually great,0.9999,"[{""aspect"": ""Teaching Quality"", ""sentiment"": ""Positive""}]"
FB0761,2026-12-06,forms are not clear at all?!,Uploaded CSV,Negative,0.9998,Frustration,"[""Forms"", ""Clear""]","[""forms"", ""clear"", ""all""]",forms are not clear at all?!,0.9998,"[{""aspect"": ""Forms Clear"", ""sentiment"": ""Negative""}]"
FB0762,2026-08-21,"books are GREAT, but the AC is too cold",Uploaded CSV,Mixed,0.998,Concern,"[""Books"", ""Ac""]","[""books"", ""ac"", ""cold""]","books are GREAT, but the AC is too cold",0.998,"[{""aspect"": ""Books"", ""sentiment"": ""Positive""}, {""aspect"": ""Ac Cold"", ""sentiment"": ""Negative""}]"
FB0763,2026-09-03,software installation takes forever,Uploaded CSV,Negative,0.9462,Frustration,"[""Software Installation Takes"", ""Installation Takes Forever""]","[""software installation takes"", ""installation takes forever""]",software installation takes forever,0.9462,"[{""aspect"": ""Software Installation"", ""sentiment"": ""Negative""}]"
FB0764,2026-08-02,notes are useful but examples are missing,Uploaded CSV,Mixed,0.9976,Concern,"[""Notes"", ""Examples""]","[""notes"", ""examples"", ""missing"", ""useful""]",notes are useful but examples are missing,0.9976,"[{""aspect"": ""Notes Useful"", ""sentiment"": ""Positive""}, {""aspect"": ""Examples Missing"", ""sentiment"": ""Negative""}]"
FB0765,2026-09-27,professor doesnt explain doubts properly,Uploaded CSV,Negative,0.9997,Frustration,"[""Explain Doubts Properly"", ""Professor""]","[""explain doubts properly"", ""professor""]",professor doesnt explain doubts properly,0.9997,"[{""aspect"": ""Professor Doesnt"", ""sentiment"": ""Negative""}]"
FB0766,2026-08-21,placement  updates  are very late tbh,Uploaded CSV,Negative,0.9989,Frustration,"[""Placement Updates""]","[""placement updates"", ""late""]",placement updates are very late tbh,0.9989,"[{""aspect"": ""Placement Updates"", ""sentiment"": ""Negative""}]"
FB0767,2026-08-21,WiFi is not good after 6pm :(,Uploaded CSV,Negative,0.9997,Frustration,"[""After 6Pm"", ""Wi-Fi""]","[""after 6pm"", ""wifi""]",WiFi is not good after 6pm :(,0.9997,"[{""aspect"": ""Wifi After"", ""sentiment"": ""Negative""}]"
FB0768,2026-07-10,placements look better this semester 👍,Uploaded CSV,Negative,0.9833,Frustration,"[""Placements"", ""Semester""]","[""placements"", ""semester""]",placements look better this semester 👍,0.9833,"[{""aspect"": ""Placements Look"", ""sentiment"": ""Negative""}]"
FB0769,2026-07-23,Love the library :) but there are hardly any seats 😭,Uploaded CSV,Mixed,0.9884,Frustration,"[""Hardly Any Seats"", ""Love""]","[""hardly any seats"", ""love"", ""there"", ""library""]",Love the library :) but there are hardly any seats 😭,0.9884,"[{""aspect"": ""Love Library"", ""sentiment"": ""Positive""}, {""aspect"": ""There Hardly"", ""sentiment"": ""Negative""}]"
FB0770,2026-06-18,too many last minute changes,Uploaded CSV,Negative,0.998,Frustration,"[""Last Minute Changes""]","[""last minute changes""]",too many last minute changes,0.998,"[{""aspect"": ""Last Minute Changes"", ""sentiment"": ""Negative""}]"
FB0771,2026-08-21,lab equipment is outdated,Uploaded CSV,Negative,0.9998,Frustration,"[""Lab Equipment""]","[""lab equipment"", ""outdated""]",lab equipment is outdated,0.9998,"[{""aspect"": ""Lab Equipment"", ""sentiment"": ""Negative""}]"
FB0772,2026-08-21,placement cell is helpful but communication is slow,Uploaded CSV,Negative,0.9976,Frustration,"[""Placement Cell"", ""Communication""]","[""placement cell"", ""communication"", ""slow""]",placement cell is helpful but communication is slow,0.9976,"[{""aspect"": ""Placement Cell"", ""sentiment"": ""Positive""}, {""aspect"": ""Communication"", ""sentiment"": ""Negative""}]"
FB0773,2026-06-18,"books are good, but the AC is too cold",Uploaded CSV,Mixed,0.9972,Concern,"[""Books"", ""Ac""]","[""books"", ""ac"", ""cold""]","books are good, but the AC is too cold",0.9972,"[{""aspect"": ""Books"", ""sentiment"": ""Positive""}, {""aspect"": ""Ac Cold"", ""sentiment"": ""Negative""}]"
FB0774,2026-06-07,placement updates are very late tbh,Uploaded CSV,Negative,0.9989,Frustration,"[""Placement Updates""]","[""placement updates"", ""late""]",placement updates are very late tbh,0.9989,"[{""aspect"": ""Placement Updates"", ""sentiment"": ""Negative""}]"
FB0775,2026-06-30,placement cell is helpful but communication is slow,Uploaded CSV,Negative,0.9976,Frustration,"[""Placement Cell"", ""Communication""]","[""placement cell"", ""communication"", ""slow""]",placement cell is helpful but communication is slow,0.9976,"[{""aspect"": ""Placement Cell"", ""sentiment"": ""Positive""}, {""aspect"": ""Communication"", ""sentiment"": ""Negative""}]"
FB0776,2026-08-22,projector wasnt working in class,Uploaded CSV,Negative,0.9982,Frustration,"[""Projector"", ""Classes""]","[""projector"", ""class""]",projector wasnt working in class,0.9982,"[{""aspect"": ""Projector"", ""sentiment"": ""Negative""}]"
FB0777,2026-12-06,placement cell is helpful but communication is slow,Uploaded CSV,Negative,0.9976,Frustration,"[""Placement Cell"", ""Communication""]","[""placement cell"", ""communication"", ""slow""]",placement cell is helpful but communication is slow,0.9976,"[{""aspect"": ""Placement Cell"", ""sentiment"": ""Positive""}, {""aspect"": ""Communication"", ""sentiment"": ""Negative""}]"
FB0778,2026-06-26,parking  is a mess during peak hours,Uploaded CSV,Negative,0.9998,Frustration,"[""Peak Hours"", ""Parking""]","[""peak hours"", ""parking"", ""mess""]",parking is a mess during peak hours,0.9998,"[{""aspect"": ""Parking Mess"", ""sentiment"": ""Negative""}]"
FB0779,2026-06-21,food is actually pretty good today!,Uploaded CSV,Positive,0.9999,Satisfaction,"[""Pretty"", ""Food""]","[""pretty"", ""food""]",food is actually pretty good today!,0.9999,"[{""aspect"": ""Food Pretty"", ""sentiment"": ""Positive""}]"
FB0780,2026-08-07,fees payment was smooth this time...,Uploaded CSV,Positive,0.8899,Satisfaction,"[""Fees Payment"", ""Smooth""]","[""fees payment"", ""smooth"", ""time""]",fees payment was smooth this time...,0.8899,"[{""aspect"": ""Fees Payment"", ""sentiment"": ""Positive""}]"
FB0781,2026-04-06,fans are too slow in the afternoon,Uploaded CSV,Negative,0.9974,Frustration,"[""Fans"", ""Afternoon""]","[""fans"", ""afternoon"", ""slow""]",fans are too slow in the afternoon,0.9974,"[{""aspect"": ""Fans"", ""sentiment"": ""Negative""}]"
FB0782,2026-08-22,library is great but closes too early,Uploaded CSV,Negative,0.9929,Frustration,"[""Library""]","[""early"", ""library""]",library is great but closes too early,0.9929,"[{""aspect"": ""Library"", ""sentiment"": ""Positive""}, {""aspect"": ""Closes Early"", ""sentiment"": ""Negative""}]"
FB0783,2026-08-17,lab bahut crowded hai during practicals,Uploaded CSV,Negative,0.9913,Frustration,"[""Lab Bahut Crowded"", ""Practicals""]","[""lab bahut crowded"", ""practicals""]",lab bahut crowded hai during practicals,0.9913,"[{""aspect"": ""Lab Bahut"", ""sentiment"": ""Negative""}]"
FB0784,2026-07-11,internet keeps disconnecting every few mins,Uploaded CSV,Negative,0.998,Frustration,"[""Disconnecting Every"", ""Internet""]","[""disconnecting every"", ""internet"", ""mins""]",internet keeps disconnecting every few mins,0.998,"[{""aspect"": ""Internet Keeps"", ""sentiment"": ""Negative""}]"
FB0785,2026-07-15,food is actually pretty good today!,Uploaded CSV,Positive,0.9999,Satisfaction,"[""Pretty"", ""Food""]","[""pretty"", ""food""]",food is actually pretty good today!,0.9999,"[{""aspect"": ""Food Pretty"", ""sentiment"": ""Positive""}]"
FB0786,2026-09-06,not enough interview rooms,Uploaded CSV,Negative,0.9994,Frustration,"[""Interview Rooms""]","[""interview rooms""]",not enough interview rooms,0.9994,"[{""aspect"": ""Interview Rooms"", ""sentiment"": ""Negative""}]"
FB0787,2026-04-05,lab bahut crowded hai during practicals,Uploaded CSV,Negative,0.9913,Frustration,"[""Lab Bahut Crowded"", ""Practicals""]","[""lab bahut crowded"", ""practicals""]",lab bahut crowded hai during practicals,0.9913,"[{""aspect"": ""Lab Bahut"", ""sentiment"": ""Negative""}]"
FB0788,2026-06-13,placements look better this semester 👍,Uploaded CSV,Negative,0.9833,Frustration,"[""Placements"", ""Semester""]","[""placements"", ""semester""]",placements look better this semester 👍,0.9833,"[{""aspect"": ""Placements Look"", ""sentiment"": ""Negative""}]"
FB0789,2026-06-17,too many last minute changes,Uploaded CSV,Negative,0.998,Frustration,"[""Last Minute Changes""]","[""last minute changes""]",too many last minute changes,0.998,"[{""aspect"": ""Last Minute Changes"", ""sentiment"": ""Negative""}]"
FB0790,2026-09-07,library is great but closes too early,Uploaded CSV,Negative,0.9929,Frustration,"[""Library""]","[""early"", ""library""]",library is great but closes too early,0.9929,"[{""aspect"": ""Library"", ""sentiment"": ""Positive""}, {""aspect"": ""Closes Early"", ""sentiment"": ""Negative""}]"
FB0791,2026-08-22,some  teachers  are helpful but lectures feel rushed,Uploaded CSV,Negative,0.997,Frustration,"[""Teachers"", ""Rushed""]","[""teachers"", ""rushed"", ""lectures""]",some teachers are helpful but lectures feel rushed,0.997,"[{""aspect"": ""Some Teachers"", ""sentiment"": ""Positive""}, {""aspect"": ""Lectures Feel"", ""sentiment"": ""Negative""}]"
FB0792,2026-08-22,"books are good, but the AC is too cold",Uploaded CSV,Mixed,0.9972,Concern,"[""Books"", ""Ac""]","[""books"", ""ac"", ""cold""]","books are good, but the AC is too cold",0.9972,"[{""aspect"": ""Books"", ""sentiment"": ""Positive""}, {""aspect"": ""Ac Cold"", ""sentiment"": ""Negative""}]"
FB0793,2026-06-26,library is great but closes too early,Uploaded CSV,Negative,0.9929,Frustration,"[""Library""]","[""early"", ""library""]",library is great but closes too early,0.9929,"[{""aspect"": ""Library"", ""sentiment"": ""Positive""}, {""aspect"": ""Closes Early"", ""sentiment"": ""Negative""}]"
FB0794,2026-09-23,forms are not clear at all,Uploaded CSV,Negative,0.9997,Frustration,"[""Forms"", ""Clear""]","[""forms"", ""clear"", ""all""]",forms are not clear at all,0.9997,"[{""aspect"": ""Forms Clear"", ""sentiment"": ""Negative""}]"
FB0795,2026-07-29,lift doesnt work sometimes,Uploaded CSV,Negative,0.9955,Frustration,"[""Lift""]","[""lift""]",lift doesnt work sometimes,0.9955,"[{""aspect"": ""Lift"", ""sentiment"": ""Negative""}]"
FB0796,2026-08-22,Network dies during online tests!!!,Uploaded CSV,Negative,0.9998,Frustration,"[""Online Tests"", ""Network""]","[""network dies"", ""online tests""]",Network dies during online tests!!!,0.9998,"[{""aspect"": ""Network"", ""sentiment"": ""Negative""}]"
FB0797,2026-08-22,too many last minute changes in placement schedule,Uploaded CSV,Negative,0.9995,Frustration,"[""Last Minute Changes"", ""Placement Schedule""]","[""last minute changes"", ""placement schedule""]",too many last minute changes in placement schedule,0.9995,"[{""aspect"": ""Last Minute Changes Placement Schedule"", ""sentiment"": ""Negative""}]"
FB0798,2026-09-25,placement process is confusing,Uploaded CSV,Negative,0.9992,Frustration,"[""Placement Process""]","[""placement process"", ""confusing""]",placement process is confusing,0.9992,"[{""aspect"": ""Placement Process"", ""sentiment"": ""Negative""}]"
FB0799,2026-06-04,canteen  is clean but food quality needs work,Uploaded CSV,Negative,0.9558,Frustration,"[""Food Quality"", ""Clean""]","[""food quality"", ""clean"", ""canteen""]",canteen is clean but food quality needs work,0.9558,"[{""aspect"": ""Canteen Clean"", ""sentiment"": ""Positive""}, {""aspect"": ""Food Quality"", ""sentiment"": ""Negative""}]"
FB0800,2026-07-31,sir was really good!!! :(,Uploaded CSV,Positive,0.9998,Frustration,"[""Sir""]","[""sir""]",sir was really good!!! :(,0.9998,"[{""aspect"": ""Sir"", ""sentiment"": ""Positive""}]"
FB0801,2026-08-23,wifi  barely works in block B,Uploaded CSV,Negative,0.9994,Frustration,"[""Block"", ""Wi-Fi""]","[""wifi barely"", ""block""]",wifi barely works in block B,0.9994,"[{""aspect"": ""Wifi"", ""sentiment"": ""Negative""}]"
FB0802,2026-11-08,professor doesnt explain doubts properly,Uploaded CSV,Negative,0.9997,Frustration,"[""Explain Doubts Properly"", ""Professor""]","[""explain doubts properly"", ""professor""]",professor doesnt explain doubts properly,0.9997,"[{""aspect"": ""Professor Doesnt"", ""sentiment"": ""Negative""}]"
FB0803,2026-07-16,net is fine in the morning but terrible later,Uploaded CSV,Mixed,0.9912,Concern,"[""Net"", ""Morning""]","[""net"", ""morning"", ""later""]",net is fine in the morning but terrible later,0.9912,"[{""aspect"": ""Net Morning"", ""sentiment"": ""Positive""}, {""aspect"": ""Later"", ""sentiment"": ""Negative""}]"
FB0804,2026-07-14,documents were processed quickly :),Uploaded CSV,Negative,0.9885,Frustration,"[""Processed Quickly"", ""Documents""]","[""processed quickly"", ""documents""]",documents were processed quickly :),0.9885,"[{""aspect"": ""Documents Processed"", ""sentiment"": ""Negative""}]"
FB0805,2026-07-10,washroom  cleaning is much better now,Uploaded CSV,Positive,0.9696,Satisfaction,"[""Washroom Cleaning"", ""Now""]","[""washroom cleaning"", ""now""]",washroom cleaning is much better now,0.9696,"[{""aspect"": ""Washroom Cleaning"", ""sentiment"": ""Positive""}]"
FB0806,2026-08-08,teaching quality is actually great,Uploaded CSV,Positive,0.9999,Satisfaction,"[""Teaching Quality""]","[""teaching quality""]",teaching quality is actually great,0.9999,"[{""aspect"": ""Teaching Quality"", ""sentiment"": ""Positive""}]"
FB0807,2026-08-23,lab equipment is outdated,Uploaded CSV,Negative,0.9998,Frustration,"[""Lab Equipment""]","[""lab equipment"", ""outdated""]",lab equipment is outdated,0.9998,"[{""aspect"": ""Lab Equipment"", ""sentiment"": ""Negative""}]"
FB0808,2026-06-13,fans are too slow in the afternoon,Uploaded CSV,Negative,0.9974,Frustration,"[""Fans"", ""Afternoon""]","[""fans"", ""afternoon"", ""slow""]",fans are too slow in the afternoon,0.9974,"[{""aspect"": ""Fans"", ""sentiment"": ""Negative""}]"
FB0809,2026-09-05,professor  doesnt explain doubts properly,Uploaded CSV,Negative,0.9997,Frustration,"[""Explain Doubts Properly"", ""Professor""]","[""explain doubts properly"", ""professor""]",professor doesnt explain doubts properly,0.9997,"[{""aspect"": ""Professor Doesnt"", ""sentiment"": ""Negative""}]"
FB0810,2026-09-15,faculty is sooo goooddddd :D,Uploaded CSV,Negative,0.9941,Frustration,"[""Sooo Goooddddd"", ""Faculty""]","[""sooo goooddddd"", ""faculty""]",faculty is sooo goooddddd :D,0.9941,"[{""aspect"": ""Faculty Sooo"", ""sentiment"": ""Negative""}]"
FB0811,2026-12-08,prices  are  too high for the portion,Uploaded CSV,Negative,0.999,Frustration,"[""Portion"", ""Prices""]","[""portion"", ""prices"", ""high""]",prices are too high for the portion,0.999,"[{""aspect"": ""Prices"", ""sentiment"": ""Negative""}]"
FB0812,2026-08-23,washrooms need better maintenance,Uploaded CSV,Negative,0.9985,Frustration,"[""Washrooms""]","[""washrooms"", ""maintenance""]",washrooms need better maintenance,0.9985,"[{""aspect"": ""Washrooms"", ""sentiment"": ""Negative""}]"
FB0813,2026-09-12,not enough healthy options tbh,Uploaded CSV,Negative,0.9991,Frustration,"[""Healthy Options""]","[""healthy options""]",not enough healthy options tbh,0.9991,"[{""aspect"": ""Healthy Options"", ""sentiment"": ""Negative""}]"
FB0814,2026-06-04,documents were processed quickly :) :/,Uploaded CSV,Negative,0.9959,Frustration,"[""Processed Quickly"", ""Documents""]","[""processed quickly"", ""documents""]",documents were processed quickly :) :/,0.9959,"[{""aspect"": ""Documents Processed"", ""sentiment"": ""Negative""}]"
FB0815,2026-06-02,library  is great but closes too early,Uploaded CSV,Negative,0.9929,Frustration,"[""Library""]","[""early"", ""library""]",library is great but closes too early,0.9929,"[{""aspect"": ""Library"", ""sentiment"": ""Positive""}, {""aspect"": ""Closes Early"", ""sentiment"": ""Negative""}]"
FB0816,2026-08-23,too many last minute changes btw,Uploaded CSV,Negative,0.9982,Frustration,"[""Minute Changes Btw"", ""Last Minute Changes""]","[""minute changes btw"", ""last minute changes""]",too many last minute changes btw,0.9982,"[{""aspect"": ""Last Minute Changes Btw"", ""sentiment"": ""Negative""}]"
FB0817,2026-08-23,chai is good but lunch is sooo expensive,Uploaded CSV,Mixed,0.8008,Concern,"[""Sooo Expensive"", ""Chai""]","[""sooo expensive"", ""chai"", ""lunch""]",chai is good but lunch is sooo expensive,0.8008,"[{""aspect"": ""Chai"", ""sentiment"": ""Positive""}, {""aspect"": ""Lunch Sooo"", ""sentiment"": ""Negative""}]"
FB0818,2026-08-15,washrooms need better maintenance,Uploaded CSV,Negative,0.9985,Frustration,"[""Washrooms""]","[""washrooms"", ""maintenance""]",washrooms need better maintenance,0.9985,"[{""aspect"": ""Washrooms"", ""sentiment"": ""Negative""}]"
FB0819,2026-09-18,food is actually pretty good today!,Uploaded CSV,Positive,0.9999,Satisfaction,"[""Pretty"", ""Food""]","[""pretty"", ""food""]",food is actually pretty good today!,0.9999,"[{""aspect"": ""Food Pretty"", ""sentiment"": ""Positive""}]"
FB0820,2026-08-23,lift doesn't work sometimes,Uploaded CSV,Negative,0.9979,Frustration,"[""Lift Doesn'T""]","[""lift doesn't""]",lift doesn't work sometimes,0.9979,"[{""aspect"": ""Lift"", ""sentiment"": ""Negative""}]"
FB0821,2026-09-06,not enough interview rooms,Uploaded CSV,Negative,0.9994,Frustration,"[""Interview Rooms""]","[""interview rooms""]",not enough interview rooms,0.9994,"[{""aspect"": ""Interview Rooms"", ""sentiment"": ""Negative""}]"
FB0822,2026-02-08,classrooms are clean and comfortable,Uploaded CSV,Positive,0.9998,Satisfaction,"[""New Classrooms"", ""Clean""]","[""classrooms"", ""clean""]",classrooms are clean and comfortable,0.9998,"[{""aspect"": ""Classrooms Clean"", ""sentiment"": ""Positive""}]"
FB0823,2026-08-02,placements look better this semester 👍 ,Uploaded CSV,Negative,0.9833,Frustration,"[""Placements"", ""Semester""]","[""placements"", ""semester""]",placements look better this semester 👍,0.9833,"[{""aspect"": ""Placements Look"", ""sentiment"": ""Negative""}]"
FB0824,2026-08-10,classrooms are clean and comfortable,Uploaded CSV,Positive,0.9998,Satisfaction,"[""New Classrooms"", ""Clean""]","[""classrooms"", ""clean""]",classrooms are clean and comfortable,0.9998,"[{""aspect"": ""Classrooms Clean"", ""sentiment"": ""Positive""}]"
FB0825,2026-09-12,fans are too slow in the afternoon,Uploaded CSV,Negative,0.9974,Frustration,"[""Fans"", ""Afternoon""]","[""fans"", ""afternoon"", ""slow""]",fans are too slow in the afternoon,0.9974,"[{""aspect"": ""Fans"", ""sentiment"": ""Negative""}]"
FB0826,2026-08-06,food quality has improved 👍 tbh,Uploaded CSV,Positive,0.9953,Joy,"[""Food Quality"", ""Improved""]","[""food quality"", ""improved""]",food quality has improved 👍 tbh,0.9953,"[{""aspect"": ""Food Quality"", ""sentiment"": ""Positive""}]"
FB0827,2026-08-23,prices are too high for the portion,Uploaded CSV,Negative,0.999,Frustration,"[""Portion"", ""Prices""]","[""portion"", ""prices"", ""high""]",prices are too high for the portion,0.999,"[{""aspect"": ""Prices"", ""sentiment"": ""Negative""}]"
FB0828,2026-08-12,placements look better this semester 👍,Uploaded CSV,Negative,0.9833,Frustration,"[""Placements"", ""Semester""]","[""placements"", ""semester""]",placements look better this semester 👍,0.9833,"[{""aspect"": ""Placements Look"", ""sentiment"": ""Negative""}]"
FB0829,2026-09-25,Network dies during online tests!!!,Uploaded CSV,Negative,0.9998,Frustration,"[""Online Tests"", ""Network""]","[""network dies"", ""online tests""]",Network dies during online tests!!!,0.9998,"[{""aspect"": ""Network"", ""sentiment"": ""Negative""}]"
FB0830,2026-06-18,faculty explains concepts really well :),Uploaded CSV,Positive,0.9993,Satisfaction,"[""Faculty Explains Concepts""]","[""faculty explains concepts""]",faculty explains concepts really well :),0.9993,"[{""aspect"": ""Faculty Explains"", ""sentiment"": ""Positive""}]"
FB0831,2026-08-24,lift  doesnt  work sometimes,Uploaded CSV,Negative,0.9955,Frustration,"[""Lift""]","[""lift""]",lift doesnt work sometimes,0.9955,"[{""aspect"": ""Lift"", ""sentiment"": ""Negative""}]"
FB0832,2026-02-08,library staff is helpful,Uploaded CSV,Positive,0.9997,Joy,"[""Library Staff""]","[""library staff""]",library staff is helpful,0.9997,"[{""aspect"": ""Library Staff"", ""sentiment"": ""Positive""}]"
FB0833,2026-06-27,parking is a mess during peak hours,Uploaded CSV,Negative,0.9998,Frustration,"[""Peak Hours"", ""Parking""]","[""peak hours"", ""parking"", ""mess""]",parking is a mess during peak hours,0.9998,"[{""aspect"": ""Parking Mess"", ""sentiment"": ""Negative""}]"
FB0834,2026-09-08,faculty explains concepts really well :),Uploaded CSV,Positive,0.9993,Satisfaction,"[""Faculty Explains Concepts""]","[""faculty explains concepts""]",faculty explains concepts really well :),0.9993,"[{""aspect"": ""Faculty Explains"", ""sentiment"": ""Positive""}]"
FB0835,2026-07-19,library staff is helpful,Uploaded CSV,Positive,0.9997,Joy,"[""Library Staff""]","[""library staff""]",library staff is helpful,0.9997,"[{""aspect"": ""Library Staff"", ""sentiment"": ""Positive""}]"
FB0836,2026-08-24,office staff is helpful but the queue is too long,Uploaded CSV,Negative,0.9992,Frustration,"[""Office Staff"", ""Queue""]","[""office staff"", ""queue"", ""long""]",office staff is helpful but the queue is too long,0.9992,"[{""aspect"": ""Office Staff"", ""sentiment"": ""Positive""}, {""aspect"": ""Queue Long"", ""sentiment"": ""Negative""}]"
FB0837,2026-08-24,too many last minute changes in placement schedule,Uploaded CSV,Negative,0.9995,Frustration,"[""Last Minute Changes"", ""Placement Schedule""]","[""last minute changes"", ""placement schedule""]",too many last minute changes in placement schedule,0.9995,"[{""aspect"": ""Last Minute Changes Placement Schedule"", ""sentiment"": ""Negative""}]"
FB0838,2026-09-09,placement updates are very late tbh,Uploaded CSV,Negative,0.9989,Frustration,"[""Placement Updates""]","[""placement updates"", ""late""]",placement updates are very late tbh,0.9989,"[{""aspect"": ""Placement Updates"", ""sentiment"": ""Negative""}]"
FB0839,2026-07-07,some teachers are helpful but lectures feel rushed,Uploaded CSV,Negative,0.997,Frustration,"[""Teachers"", ""Rushed""]","[""teachers"", ""rushed"", ""lectures""]",some teachers are helpful but lectures feel rushed,0.997,"[{""aspect"": ""Some Teachers"", ""sentiment"": ""Positive""}, {""aspect"": ""Lectures Feel"", ""sentiment"": ""Negative""}]"
FB0840,2026-06-09,WiFi  is not good after 6pm :(,Uploaded CSV,Negative,0.9997,Frustration,"[""After 6Pm"", ""Wi-Fi""]","[""after 6pm"", ""wifi""]",WiFi is not good after 6pm :(,0.9997,"[{""aspect"": ""Wifi After"", ""sentiment"": ""Negative""}]"
FB0841,2026-08-24,classrooms are clean and comfortable,Uploaded CSV,Positive,0.9998,Satisfaction,"[""New Classrooms"", ""Clean""]","[""classrooms"", ""clean""]",classrooms are clean and comfortable,0.9998,"[{""aspect"": ""Classrooms Clean"", ""sentiment"": ""Positive""}]"
FB0842,2026-12-05,"books are good, but the AC is too cold",Uploaded CSV,Mixed,0.9972,Concern,"[""Books"", ""Ac""]","[""books"", ""ac"", ""cold""]","books are good, but the AC is too cold",0.9972,"[{""aspect"": ""Books"", ""sentiment"": ""Positive""}, {""aspect"": ""Ac Cold"", ""sentiment"": ""Negative""}]"
FB0843,2026-07-26,parking is a mess during peak hours,Uploaded CSV,Negative,0.9998,Frustration,"[""Peak Hours"", ""Parking""]","[""peak hours"", ""parking"", ""mess""]",parking is a mess during peak hours,0.9998,"[{""aspect"": ""Parking Mess"", ""sentiment"": ""Negative""}]"
FB0844,2026-06-12,food quality has improved 👍,Uploaded CSV,Positive,0.9996,Joy,"[""Food Quality"", ""Improved""]","[""food quality"", ""improved""]",food quality has improved 👍,0.9996,"[{""aspect"": ""Food Quality"", ""sentiment"": ""Positive""}]"
FB0845,2026-07-22,fans are too slow in the afternoon,Uploaded CSV,Negative,0.9974,Frustration,"[""Fans"", ""Afternoon""]","[""fans"", ""afternoon"", ""slow""]",fans are too slow in the afternoon,0.9974,"[{""aspect"": ""Fans"", ""sentiment"": ""Negative""}]"
FB0846,2026-08-24,PCs are fine now 👍!!!,Uploaded CSV,Positive,0.9978,Satisfaction,"[""Now"", ""Pcs""]","[""now"", ""pcs""]",PCs are fine now 👍!!!,0.9978,"[{""aspect"": ""Pcs Now"", ""sentiment"": ""Positive""}]"
FB0847,2026-08-24,net is fine in the morning but terrible later,Uploaded CSV,Mixed,0.9912,Concern,"[""Net"", ""Morning""]","[""net"", ""morning"", ""later""]",net is fine in the morning but terrible later,0.9912,"[{""aspect"": ""Net Morning"", ""sentiment"": ""Positive""}, {""aspect"": ""Later"", ""sentiment"": ""Negative""}]"
FB0848,2026-06-01,admin replies very late,Uploaded CSV,Negative,0.9977,Frustration,"[""Admin Replies""]","[""admin replies"", ""late""]",admin replies very late,0.9977,"[{""aspect"": ""Admin Replies"", ""sentiment"": ""Negative""}]"
FB0849,2026-08-19,placement updates are very late tbh tbh,Uploaded CSV,Negative,0.9989,Frustration,"[""Placement Updates""]","[""placement updates"", ""late""]",placement updates are very late tbh tbh,0.9989,"[{""aspect"": ""Placement Updates"", ""sentiment"": ""Negative""}]"
FB0850,2026-06-26,admin replies very late,Uploaded CSV,Negative,0.9977,Frustration,"[""Admin Replies""]","[""admin replies"", ""late""]",admin replies very late,0.9977,"[{""aspect"": ""Admin Replies"", ""sentiment"": ""Negative""}]"
FB0851,2026-08-24,canteen is clean but food quality needs work,Uploaded CSV,Negative,0.9558,Frustration,"[""Food Quality"", ""Clean""]","[""food quality"", ""clean"", ""canteen""]",canteen is clean but food quality needs work,0.9558,"[{""aspect"": ""Canteen Clean"", ""sentiment"": ""Positive""}, {""aspect"": ""Food Quality"", ""sentiment"": ""Negative""}]"
FB0852,2026-08-24,library is quiet and useful,Uploaded CSV,Positive,0.9992,Joy,"[""Quiet"", ""Useful""]","[""quiet"", ""useful"", ""library""]",library is quiet and useful,0.9992,"[{""aspect"": ""Library Quiet"", ""sentiment"": ""Positive""}]"
FB0853,2026-06-24,office  staff  is helpful but the queue is too long,Uploaded CSV,Negative,0.9992,Frustration,"[""Office Staff"", ""Queue""]","[""office staff"", ""queue"", ""long""]",office staff is helpful but the queue is too long,0.9992,"[{""aspect"": ""Office Staff"", ""sentiment"": ""Positive""}, {""aspect"": ""Queue Long"", ""sentiment"": ""Negative""}]"
FB0854,2026-07-27,washroom cleaning is much better now,Uploaded CSV,Positive,0.9696,Satisfaction,"[""Washroom Cleaning"", ""Now""]","[""washroom cleaning"", ""now""]",washroom cleaning is much better now,0.9696,"[{""aspect"": ""Washroom Cleaning"", ""sentiment"": ""Positive""}]"
FB0855,2026-06-28,campus wifi is actually decent,Uploaded CSV,Positive,0.9996,Satisfaction,"[""Campus Wifi""]","[""campus wifi""]",campus wifi is actually decent,0.9996,"[{""aspect"": ""Campus Wifi"", ""sentiment"": ""Positive""}]"
FB0856,2026-05-08,software installation takes forever,Uploaded CSV,Negative,0.9462,Frustration,"[""Software Installation Takes"", ""Installation Takes Forever""]","[""software installation takes"", ""installation takes forever""]",software installation takes forever,0.9462,"[{""aspect"": ""Software Installation"", ""sentiment"": ""Negative""}]"
FB0857,2026-12-08,library is great but closes too early,Uploaded CSV,Negative,0.9929,Frustration,"[""Library""]","[""early"", ""library""]",library is great but closes too early,0.9929,"[{""aspect"": ""Library"", ""sentiment"": ""Positive""}, {""aspect"": ""Closes Early"", ""sentiment"": ""Negative""}]"
FB0858,2026-08-10,placements look better this semester 👍,Uploaded CSV,Negative,0.9833,Frustration,"[""Placements"", ""Semester""]","[""placements"", ""semester""]",placements look better this semester 👍,0.9833,"[{""aspect"": ""Placements Look"", ""sentiment"": ""Negative""}]"
FB0859,2026-07-23,net is fine in the morning but terrible later,Uploaded CSV,Mixed,0.9912,Concern,"[""Net"", ""Morning""]","[""net"", ""morning"", ""later""]",net is fine in the morning but terrible later,0.9912,"[{""aspect"": ""Net Morning"", ""sentiment"": ""Positive""}, {""aspect"": ""Later"", ""sentiment"": ""Negative""}]"
FB0860,2026-07-30,documents were processed quickly :),Uploaded CSV,Negative,0.9885,Frustration,"[""Processed Quickly"", ""Documents""]","[""processed quickly"", ""documents""]",documents were processed quickly :),0.9885,"[{""aspect"": ""Documents Processed"", ""sentiment"": ""Negative""}]"
FB0861,2026-08-25,lab equipment is outdated,Uploaded CSV,Negative,0.9998,Frustration,"[""Lab Equipment""]","[""lab equipment"", ""outdated""]",lab equipment is outdated,0.9998,"[{""aspect"": ""Lab Equipment"", ""sentiment"": ""Negative""}]"
FB0862,2026-05-08,Network dies during online tests!!!,Uploaded CSV,Negative,0.9998,Frustration,"[""Online Tests"", ""Network""]","[""network dies"", ""online tests""]",Network dies during online tests!!!,0.9998,"[{""aspect"": ""Network"", ""sentiment"": ""Negative""}]"
FB0863,2026-06-22,admin replies very late,Uploaded CSV,Negative,0.9977,Frustration,"[""Admin Replies""]","[""admin replies"", ""late""]",admin replies very late,0.9977,"[{""aspect"": ""Admin Replies"", ""sentiment"": ""Negative""}]"
FB0864,2026-07-24,professor doesnt explain doubts properly,Uploaded CSV,Negative,0.9997,Frustration,"[""Explain Doubts Properly"", ""Professor""]","[""explain doubts properly"", ""professor""]",professor doesnt explain doubts properly,0.9997,"[{""aspect"": ""Professor Doesnt"", ""sentiment"": ""Negative""}]"
FB0865,2026-09-14,library staff is helpful,Uploaded CSV,Positive,0.9997,Joy,"[""Library Staff""]","[""library staff""]",library staff is helpful,0.9997,"[{""aspect"": ""Library Staff"", ""sentiment"": ""Positive""}]"
FB0866,2026-08-25,projector wasnt working in class,Uploaded CSV,Negative,0.9982,Frustration,"[""Projector"", ""Classes""]","[""projector"", ""class""]",projector wasnt working in class,0.9982,"[{""aspect"": ""Projector"", ""sentiment"": ""Negative""}]"
FB0867,2026-08-25,library is great but closes too early,Uploaded CSV,Negative,0.9929,Frustration,"[""Library""]","[""early"", ""library""]",library is great but closes too early,0.9929,"[{""aspect"": ""Library"", ""sentiment"": ""Positive""}, {""aspect"": ""Closes Early"", ""sentiment"": ""Negative""}]"
FB0868,2026-09-09,new classrooms are really good! 😡,Uploaded CSV,Positive,0.9999,Anger,"[""New Classrooms""]","[""new classrooms""]",new classrooms are really good! 😡,0.9999,"[{""aspect"": ""New Classrooms"", ""sentiment"": ""Positive""}]"
FB0869,2026-08-11,placement updates are very late tbh,Uploaded CSV,Negative,0.9989,Frustration,"[""Placement Updates""]","[""placement updates"", ""late""]",placement updates are very late tbh,0.9989,"[{""aspect"": ""Placement Updates"", ""sentiment"": ""Negative""}]"
FB0870,2026-06-12,library is great but closes too early,Uploaded CSV,Negative,0.9929,Frustration,"[""Library""]","[""early"", ""library""]",library is great but closes too early,0.9929,"[{""aspect"": ""Library"", ""sentiment"": ""Positive""}, {""aspect"": ""Closes Early"", ""sentiment"": ""Negative""}]"
FB0871,2026-08-25,lab bahut crowded hai during practicals,Uploaded CSV,Negative,0.9913,Frustration,"[""Lab Bahut Crowded"", ""Practicals""]","[""lab bahut crowded"", ""practicals""]",lab bahut crowded hai during practicals,0.9913,"[{""aspect"": ""Lab Bahut"", ""sentiment"": ""Negative""}]"
FB0872,2026-02-07,companies were actually good this year,Uploaded CSV,Positive,0.9999,Satisfaction,"[""Year"", ""Companies""]","[""year"", ""companies""]",companies were actually good this year,0.9999,"[{""aspect"": ""Companies Year"", ""sentiment"": ""Positive""}]"
FB0873,2026-07-22,too many last minute changes,Uploaded CSV,Negative,0.998,Frustration,"[""Last Minute Changes""]","[""last minute changes""]",too many last minute changes,0.998,"[{""aspect"": ""Last Minute Changes"", ""sentiment"": ""Negative""}]"
FB0874,2026-09-21,food quality has improved 👍,Uploaded CSV,Positive,0.9996,Joy,"[""Food Quality"", ""Improved""]","[""food quality"", ""improved""]",food quality has improved 👍,0.9996,"[{""aspect"": ""Food Quality"", ""sentiment"": ""Positive""}]"
FB0875,2026-07-30,fans are too slow in the afternoon,Uploaded CSV,Negative,0.9974,Frustration,"[""Fans"", ""Afternoon""]","[""fans"", ""afternoon"", ""slow""]",fans are too slow in the afternoon,0.9974,"[{""aspect"": ""Fans"", ""sentiment"": ""Negative""}]"
FB0876,2026-08-25,projector wasnt working in class,Uploaded CSV,Negative,0.9982,Frustration,"[""Projector"", ""Classes""]","[""projector"", ""class""]",projector wasnt working in class,0.9982,"[{""aspect"": ""Projector"", ""sentiment"": ""Negative""}]"
FB0877,2026-08-25,projector wasnt working in class :/,Uploaded CSV,Negative,0.9987,Frustration,"[""Projector"", ""Classes""]","[""projector"", ""class""]",projector wasnt working in class :/,0.9987,"[{""aspect"": ""Projector"", ""sentiment"": ""Negative""}]"
FB0878,2026-09-04,Love the library :) but there are hardly any seats,Uploaded CSV,Mixed,0.99,Concern,"[""Hardly Any Seats"", ""Love""]","[""hardly any seats"", ""love"", ""there"", ""library""]",Love the library :) but there are hardly any seats,0.99,"[{""aspect"": ""Love Library"", ""sentiment"": ""Positive""}, {""aspect"": ""There Hardly"", ""sentiment"": ""Neutral""}]"
FB0879,2026-07-04,forms are not clear at all,Uploaded CSV,Negative,0.9997,Frustration,"[""Forms"", ""Clear""]","[""forms"", ""clear"", ""all""]",forms are not clear at all,0.9997,"[{""aspect"": ""Forms Clear"", ""sentiment"": ""Negative""}]"
FB0880,2026-06-24,not enough interview rooms,Uploaded CSV,Negative,0.9994,Frustration,"[""Interview Rooms""]","[""interview rooms""]",not enough interview rooms,0.9994,"[{""aspect"": ""Interview Rooms"", ""sentiment"": ""Negative""}]"
FB0881,2026-08-26,admin replies very late,Uploaded CSV,Negative,0.9977,Frustration,"[""Admin Replies""]","[""admin replies"", ""late""]",admin replies very late,0.9977,"[{""aspect"": ""Admin Replies"", ""sentiment"": ""Negative""}]"
FB0882,2026-08-26,forms are not clear at all 👍,Uploaded CSV,Negative,0.9997,Frustration,"[""Forms"", ""Clear""]","[""forms"", ""clear"", ""all""]",forms are not clear at all 👍,0.9997,"[{""aspect"": ""Forms Clear"", ""sentiment"": ""Negative""}]"
FB0883,2026-08-30,Network dies during online tests!!!,Uploaded CSV,Negative,0.9998,Frustration,"[""Online Tests"", ""Network""]","[""network dies"", ""online tests""]",Network dies during online tests!!!,0.9998,"[{""aspect"": ""Network"", ""sentiment"": ""Negative""}]"
FB0884,2026-08-06,placement process is confusing,Uploaded CSV,Negative,0.9992,Frustration,"[""Placement Process""]","[""placement process"", ""confusing""]",placement process is confusing,0.9992,"[{""aspect"": ""Placement Process"", ""sentiment"": ""Negative""}]"
FB0885,2026-09-15,Network  dies during online tests!!!,Uploaded CSV,Negative,0.9998,Frustration,"[""Online Tests"", ""Network""]","[""network dies"", ""online tests""]",Network dies during online tests!!!,0.9998,"[{""aspect"": ""Network"", ""sentiment"": ""Negative""}]"
FB0886,2026-07-05,internet keeps disconnecting every few mins,Uploaded CSV,Negative,0.998,Frustration,"[""Disconnecting Every"", ""Internet""]","[""disconnecting every"", ""internet"", ""mins""]",internet keeps disconnecting every few mins,0.998,"[{""aspect"": ""Internet Keeps"", ""sentiment"": ""Negative""}]"
FB0887,2026-04-07,fans  are  too slow in the afternoon,Uploaded CSV,Negative,0.9974,Frustration,"[""Fans"", ""Afternoon""]","[""fans"", ""afternoon"", ""slow""]",fans are too slow in the afternoon,0.9974,"[{""aspect"": ""Fans"", ""sentiment"": ""Negative""}]"
FB0888,2026-08-27,placement cell is helpful but communication is slow,Uploaded CSV,Negative,0.9976,Frustration,"[""Placement Cell"", ""Communication""]","[""placement cell"", ""communication"", ""slow""]",placement cell is helpful but communication is slow,0.9976,"[{""aspect"": ""Placement Cell"", ""sentiment"": ""Positive""}, {""aspect"": ""Communication"", ""sentiment"": ""Negative""}]"
FB0889,2026-08-15,internet keeps disconnecting every few mins,Uploaded CSV,Negative,0.998,Frustration,"[""Disconnecting Every"", ""Internet""]","[""disconnecting every"", ""internet"", ""mins""]",internet keeps disconnecting every few mins,0.998,"[{""aspect"": ""Internet Keeps"", ""sentiment"": ""Negative""}]"
FB0890,2026-07-30,admin replies very late,Uploaded CSV,Negative,0.9977,Frustration,"[""Admin Replies""]","[""admin replies"", ""late""]",admin replies very late,0.9977,"[{""aspect"": ""Admin Replies"", ""sentiment"": ""Negative""}]"
FB0891,2026-08-26,building looks nice but the lift is always broken,Uploaded CSV,Mixed,0.9982,Concern,"[""Always Broken"", ""Building""]","[""always broken"", ""building"", ""nice"", ""lift""]",building looks nice but the lift is always broken,0.9982,"[{""aspect"": ""Building Looks"", ""sentiment"": ""Positive""}, {""aspect"": ""Lift Always"", ""sentiment"": ""Negative""}]"
FB0892,2026-12-05,PCs are fine now 👍,Uploaded CSV,Positive,0.9981,Satisfaction,"[""Now"", ""Pcs""]","[""now"", ""pcs""]",PCs are fine now 👍,0.9981,"[{""aspect"": ""Pcs Now"", ""sentiment"": ""Positive""}]"
FB0893,2026-06-21,lab equipment is outdated,Uploaded CSV,Negative,0.9998,Frustration,"[""Lab Equipment""]","[""lab equipment"", ""outdated""]",lab equipment is outdated,0.9998,"[{""aspect"": ""Lab Equipment"", ""sentiment"": ""Negative""}]"
FB0894,2026-08-25,professor doesnt explain doubts properly,Uploaded CSV,Negative,0.9997,Frustration,"[""Explain Doubts Properly"", ""Professor""]","[""explain doubts properly"", ""professor""]",professor doesnt explain doubts properly,0.9997,"[{""aspect"": ""Professor Doesnt"", ""sentiment"": ""Negative""}]"
FB0895,2026-08-04,sir was really good!!!,Uploaded CSV,Positive,0.9999,Satisfaction,"[""Sir""]","[""sir""]",sir was really good!!!,0.9999,"[{""aspect"": ""Sir"", ""sentiment"": ""Positive""}]"
FB0896,2026-08-26,Wi-Fi is sooo slow in the evening 😡,Uploaded CSV,Negative,0.9983,Anger,"[""Wi-Fi"", ""Evening""]","[""sooo slow"", ""wi-fi"", ""evening""]",Wi-Fi is sooo slow in the evening 😡,0.9983,"[{""aspect"": ""Wi-Fi Sooo"", ""sentiment"": ""Negative""}]"
FB0897,2026-08-26,canteen  food  is bad :(,Uploaded CSV,Negative,0.9997,Frustration,"[""Canteen Food""]","[""canteen food""]",canteen food is bad :(,0.9997,"[{""aspect"": ""Canteen Food"", ""sentiment"": ""Negative""}]"
FB0898,2026-09-18,lab is good but half the machines are dead,Uploaded CSV,Mixed,0.9944,Concern,"[""Half"", ""Machines""]","[""half"", ""machines"", ""dead"", ""lab""]",lab is good but half the machines are dead,0.9944,"[{""aspect"": ""Lab"", ""sentiment"": ""Positive""}, {""aspect"": ""Half Machines"", ""sentiment"": ""Negative""}]"
FB0899,2026-07-08,parking  is  a mess during peak hours,Uploaded CSV,Negative,0.9998,Frustration,"[""Peak Hours"", ""Parking""]","[""peak hours"", ""parking"", ""mess""]",parking is a mess during peak hours,0.9998,"[{""aspect"": ""Parking Mess"", ""sentiment"": ""Negative""}]"
FB0900,2026-08-04,not enough interview rooms,Uploaded CSV,Negative,0.9994,Frustration,"[""Interview Rooms""]","[""interview rooms""]",not enough interview rooms,0.9994,"[{""aspect"": ""Interview Rooms"", ""sentiment"": ""Negative""}]"
FB0901,2026-01-07,canteen  is clean but food quality needs work,Uploaded CSV,Negative,0.9558,Frustration,"[""Food Quality"", ""Clean""]","[""food quality"", ""clean"", ""canteen""]",canteen is clean but food quality needs work,0.9558,"[{""aspect"": ""Canteen Clean"", ""sentiment"": ""Positive""}, {""aspect"": ""Food Quality"", ""sentiment"": ""Negative""}]"
FB0902,2026-08-26,parking is a mess during peak hours tbh,Uploaded CSV,Negative,0.9998,Frustration,"[""Peak Hours"", ""Parking""]","[""peak hours"", ""parking"", ""mess""]",parking is a mess during peak hours tbh,0.9998,"[{""aspect"": ""Parking Mess"", ""sentiment"": ""Negative""}]"
FB0903,2026-06-25,registration process is confusing,Uploaded CSV,Negative,0.9992,Frustration,"[""Registration Process""]","[""registration process"", ""confusing""]",registration process is confusing,0.9992,"[{""aspect"": ""Registration Process"", ""sentiment"": ""Negative""}]"
FB0904,2026-09-11,professor doesnt explain doubts properly,Uploaded CSV,Negative,0.9997,Frustration,"[""Explain Doubts Properly"", ""Professor""]","[""explain doubts properly"", ""professor""]",professor doesnt explain doubts properly,0.9997,"[{""aspect"": ""Professor Doesnt"", ""sentiment"": ""Negative""}]"
FB0905,2026-08-31,some teachers are helpful but lectures feel rushed,Uploaded CSV,Negative,0.997,Frustration,"[""Teachers"", ""Rushed""]","[""teachers"", ""rushed"", ""lectures""]",some teachers are helpful but lectures feel rushed,0.997,"[{""aspect"": ""Some Teachers"", ""sentiment"": ""Positive""}, {""aspect"": ""Lectures Feel"", ""sentiment"": ""Negative""}]"
FB0906,2026-04-06,"classes are okay, nothing special",Uploaded CSV,Negative,0.9397,Frustration,"[""Nothing Special"", ""Classes""]","[""nothing special"", ""classes""]","classes are okay, nothing special",0.9397,"[{""aspect"": ""Classes Nothing"", ""sentiment"": ""Negative""}]"
FB0907,2026-05-05,"classes  are okay, nothing special",Uploaded CSV,Negative,0.9397,Frustration,"[""Nothing Special"", ""Classes""]","[""nothing special"", ""classes""]","classes are okay, nothing special",0.9397,"[{""aspect"": ""Classes Nothing"", ""sentiment"": ""Negative""}]"
FB0908,2026-06-29,lift doesnt work sometimes,Uploaded CSV,Negative,0.9955,Frustration,"[""Lift""]","[""lift""]",lift doesnt work sometimes,0.9955,"[{""aspect"": ""Lift"", ""sentiment"": ""Negative""}]"
FB0909,2026-07-08,not enough working PCs,Uploaded CSV,Negative,0.9997,Frustration,"[""Pcs""]","[""pcs""]",not enough working PCs,0.9997,"[{""aspect"": ""Working Pcs"", ""sentiment"": ""Negative""}]"
FB0910,2026-06-16,library is quiet and useful,Uploaded CSV,Positive,0.9992,Joy,"[""Quiet"", ""Useful""]","[""quiet"", ""useful"", ""library""]",library is quiet and useful,0.9992,"[{""aspect"": ""Library Quiet"", ""sentiment"": ""Positive""}]"
FB0911,2026-06-08,companies were actually good this year,Uploaded CSV,Positive,0.9999,Satisfaction,"[""Year"", ""Companies""]","[""year"", ""companies""]",companies were actually good this year,0.9999,"[{""aspect"": ""Companies Year"", ""sentiment"": ""Positive""}]"
FB0912,2026-08-27,"books  are  good, but the AC is too cold",Uploaded CSV,Mixed,0.9972,Concern,"[""Books"", ""Ac""]","[""books"", ""ac"", ""cold""]","books are good, but the AC is too cold",0.9972,"[{""aspect"": ""Books"", ""sentiment"": ""Positive""}, {""aspect"": ""Ac Cold"", ""sentiment"": ""Negative""}]"
FB0913,2026-07-10,notes are useful but examples are missing,Uploaded CSV,Mixed,0.9976,Concern,"[""Notes"", ""Examples""]","[""notes"", ""examples"", ""missing"", ""useful""]",notes are useful but examples are missing,0.9976,"[{""aspect"": ""Notes Useful"", ""sentiment"": ""Positive""}, {""aspect"": ""Examples Missing"", ""sentiment"": ""Negative""}]"
FB0914,2026-07-17,too  many  last minute changes,Uploaded CSV,Negative,0.998,Frustration,"[""Last Minute Changes""]","[""last minute changes""]",too many last minute changes,0.998,"[{""aspect"": ""Last Minute Changes"", ""sentiment"": ""Negative""}]"
FB0915,2026-07-30,registration  process  is confusing,Uploaded CSV,Negative,0.9992,Frustration,"[""Registration Process""]","[""registration process"", ""confusing""]",registration process is confusing,0.9992,"[{""aspect"": ""Registration Process"", ""sentiment"": ""Negative""}]"
FB0916,2026-04-07,Wi-Fi is sooo slow in the evening 😡,Uploaded CSV,Negative,0.9983,Anger,"[""Wi-Fi"", ""Evening""]","[""sooo slow"", ""wi-fi"", ""evening""]",Wi-Fi is sooo slow in the evening 😡,0.9983,"[{""aspect"": ""Wi-Fi Sooo"", ""sentiment"": ""Negative""}]"
FB0917,2026-09-06,too many last minute changes in placement schedule,Uploaded CSV,Negative,0.9995,Frustration,"[""Last Minute Changes"", ""Placement Schedule""]","[""last minute changes"", ""placement schedule""]",too many last minute changes in placement schedule,0.9995,"[{""aspect"": ""Last Minute Changes Placement Schedule"", ""sentiment"": ""Negative""}]"
FB0918,2026-06-20,wifi bahut slow hai yaar 😭,Uploaded CSV,Negative,0.9906,Frustration,"[""Wifi Bahut""]","[""wifi bahut slow""]",wifi bahut slow hai yaar 😭,0.9906,"[{""aspect"": ""Wifi Bahut"", ""sentiment"": ""Negative""}]"
FB0919,2026-09-22,washroom cleaning is much better now,Uploaded CSV,Positive,0.9696,Satisfaction,"[""Washroom Cleaning"", ""Now""]","[""washroom cleaning"", ""now""]",washroom cleaning is much better now,0.9696,"[{""aspect"": ""Washroom Cleaning"", ""sentiment"": ""Positive""}]"
FB0920,2026-06-23,"books  are  good, but the AC is too cold",Uploaded CSV,Mixed,0.9972,Concern,"[""Books"", ""Ac""]","[""books"", ""ac"", ""cold""]","books are good, but the AC is too cold",0.9972,"[{""aspect"": ""Books"", ""sentiment"": ""Positive""}, {""aspect"": ""Ac Cold"", ""sentiment"": ""Negative""}]"
FB0921,2026-11-06,Love the library :) but there are hardly any seats,Uploaded CSV,Mixed,0.99,Concern,"[""Hardly Any Seats"", ""Love""]","[""hardly any seats"", ""love"", ""there"", ""library""]",Love the library :) but there are hardly any seats,0.99,"[{""aspect"": ""Love Library"", ""sentiment"": ""Positive""}, {""aspect"": ""There Hardly"", ""sentiment"": ""Neutral""}]"
FB0922,2026-06-08,prices are too high for the portion,Uploaded CSV,Negative,0.999,Frustration,"[""Portion"", ""Prices""]","[""portion"", ""prices"", ""high""]",prices are too high for the portion,0.999,"[{""aspect"": ""Prices"", ""sentiment"": ""Negative""}]"
FB0923,2026-06-17,"books are good, but the AC is too cold",Uploaded CSV,Mixed,0.9972,Concern,"[""Books"", ""Ac""]","[""books"", ""ac"", ""cold""]","books are good, but the AC is too cold",0.9972,"[{""aspect"": ""Books"", ""sentiment"": ""Positive""}, {""aspect"": ""Ac Cold"", ""sentiment"": ""Negative""}]"
FB0924,2026-07-31,net is fine in the morning but terrible later,Uploaded CSV,Mixed,0.9912,Concern,"[""Net"", ""Morning""]","[""net"", ""morning"", ""later""]",net is fine in the morning but terrible later,0.9912,"[{""aspect"": ""Net Morning"", ""sentiment"": ""Positive""}, {""aspect"": ""Later"", ""sentiment"": ""Negative""}]"
FB0925,2026-06-25,notes are useful but examples are missing,Uploaded CSV,Mixed,0.9976,Concern,"[""Notes"", ""Examples""]","[""notes"", ""examples"", ""missing"", ""useful""]",notes are useful but examples are missing,0.9976,"[{""aspect"": ""Notes Useful"", ""sentiment"": ""Positive""}, {""aspect"": ""Examples Missing"", ""sentiment"": ""Negative""}]"
FB0926,2026-05-08,building looks nice but the lift is always broken,Uploaded CSV,Mixed,0.9982,Concern,"[""Always Broken"", ""Building""]","[""always broken"", ""building"", ""nice"", ""lift""]",building looks nice but the lift is always broken,0.9982,"[{""aspect"": ""Building Looks"", ""sentiment"": ""Positive""}, {""aspect"": ""Lift Always"", ""sentiment"": ""Negative""}]"
FB0927,2026-08-27,sir was really good!!!,Uploaded CSV,Positive,0.9999,Satisfaction,"[""Sir""]","[""sir""]",sir was really good!!!,0.9999,"[{""aspect"": ""Sir"", ""sentiment"": ""Positive""}]"
FB0928,2026-07-15,not enough working PCs,Uploaded CSV,Negative,0.9997,Frustration,"[""Pcs""]","[""pcs""]",not enough working PCs,0.9997,"[{""aspect"": ""Working Pcs"", ""sentiment"": ""Negative""}]"
FB0929,2026-08-03,canteen is clean but food quality needs work tbh,Uploaded CSV,Negative,0.9732,Frustration,"[""Food Quality"", ""Clean""]","[""food quality"", ""clean"", ""canteen""]",canteen is clean but food quality needs work tbh,0.9732,"[{""aspect"": ""Canteen Clean"", ""sentiment"": ""Positive""}, {""aspect"": ""Food Quality"", ""sentiment"": ""Negative""}]"
FB0930,2026-06-05,canteen food is bad :(,Uploaded CSV,Negative,0.9997,Frustration,"[""Canteen Food""]","[""canteen food""]",canteen food is bad :(,0.9997,"[{""aspect"": ""Canteen Food"", ""sentiment"": ""Negative""}]"
FB0931,2026-08-27,teaching quality is actually great tbh,Uploaded CSV,Positive,0.9439,Satisfaction,"[""Teaching Quality""]","[""teaching quality""]",teaching quality is actually great tbh,0.9439,"[{""aspect"": ""Teaching Quality"", ""sentiment"": ""Positive""}]"
FB0932,2026-02-07,not enough working PCs,Uploaded CSV,Negative,0.9997,Frustration,"[""Pcs""]","[""pcs""]",not enough working PCs,0.9997,"[{""aspect"": ""Working Pcs"", ""sentiment"": ""Negative""}]"
FB0933,2026-09-25,fees payment was smooth this time,Uploaded CSV,Neutral,0.5813,Neutral,"[""Fees Payment"", ""Smooth""]","[""fees payment"", ""smooth"", ""time""]",fees payment was smooth this time,0.5813,"[{""aspect"": ""Fees Payment"", ""sentiment"": ""Neutral""}]"
FB0934,2026-06-27,library is great but closes too early,Uploaded CSV,Negative,0.9929,Frustration,"[""Library""]","[""early"", ""library""]",library is great but closes too early,0.9929,"[{""aspect"": ""Library"", ""sentiment"": ""Positive""}, {""aspect"": ""Closes Early"", ""sentiment"": ""Negative""}]"
FB0935,2026-08-30,some teachers are helpful but lectures feel rushed,Uploaded CSV,Negative,0.997,Frustration,"[""Teachers"", ""Rushed""]","[""teachers"", ""rushed"", ""lectures""]",some teachers are helpful but lectures feel rushed,0.997,"[{""aspect"": ""Some Teachers"", ""sentiment"": ""Positive""}, {""aspect"": ""Lectures Feel"", ""sentiment"": ""Negative""}]"
FB0936,2026-03-06,notes are useful but examples are missing,Uploaded CSV,Mixed,0.9976,Concern,"[""Notes"", ""Examples""]","[""notes"", ""examples"", ""missing"", ""useful""]",notes are useful but examples are missing,0.9976,"[{""aspect"": ""Notes Useful"", ""sentiment"": ""Positive""}, {""aspect"": ""Examples Missing"", ""sentiment"": ""Negative""}]"
FB0937,2026-08-28,library is quiet and useful,Uploaded CSV,Positive,0.9992,Joy,"[""Quiet"", ""Useful""]","[""quiet"", ""useful"", ""library""]",library is quiet and useful,0.9992,"[{""aspect"": ""Library Quiet"", ""sentiment"": ""Positive""}]"
FB0938,2026-07-24,fans are too slow in the afternoon,Uploaded CSV,Negative,0.9974,Frustration,"[""Fans"", ""Afternoon""]","[""fans"", ""afternoon"", ""slow""]",fans are too slow in the afternoon,0.9974,"[{""aspect"": ""Fans"", ""sentiment"": ""Negative""}]"
FB0939,2026-07-02,washroom cleaning is much better now,Uploaded CSV,Positive,0.9696,Satisfaction,"[""Washroom Cleaning"", ""Now""]","[""washroom cleaning"", ""now""]",washroom cleaning is much better now,0.9696,"[{""aspect"": ""Washroom Cleaning"", ""sentiment"": ""Positive""}]"
FB0940,2026-08-27,wifi barely works in block B,Uploaded CSV,Negative,0.9994,Frustration,"[""Block"", ""Wi-Fi""]","[""wifi barely"", ""block""]",wifi barely works in block B,0.9994,"[{""aspect"": ""Wifi"", ""sentiment"": ""Negative""}]"
FB0941,2026-08-28,food  is  actually pretty good today!,Uploaded CSV,Positive,0.9999,Satisfaction,"[""Pretty"", ""Food""]","[""pretty"", ""food""]",food is actually pretty good today!,0.9999,"[{""aspect"": ""Food Pretty"", ""sentiment"": ""Positive""}]"
FB0942,2026-08-28,fans are too slow in the afternoon,Uploaded CSV,Negative,0.9974,Frustration,"[""Fans"", ""Afternoon""]","[""fans"", ""afternoon"", ""slow""]",fans are too slow in the afternoon,0.9974,"[{""aspect"": ""Fans"", ""sentiment"": ""Negative""}]"
FB0943,2026-08-05,library is great but closes too early ,Uploaded CSV,Negative,0.9929,Frustration,"[""Library""]","[""early"", ""library""]",library is great but closes too early,0.9929,"[{""aspect"": ""Library"", ""sentiment"": ""Positive""}, {""aspect"": ""Closes Early"", ""sentiment"": ""Negative""}]"
FB0944,2026-06-13,library is quiet and useful,Uploaded CSV,Positive,0.9992,Joy,"[""Quiet"", ""Useful""]","[""quiet"", ""useful"", ""library""]",library is quiet and useful,0.9992,"[{""aspect"": ""Library Quiet"", ""sentiment"": ""Positive""}]"
FB0945,2026-09-07,placement cell is helpful but communication is slow,Uploaded CSV,Negative,0.9976,Frustration,"[""Placement Cell"", ""Communication""]","[""placement cell"", ""communication"", ""slow""]",placement cell is helpful but communication is slow,0.9976,"[{""aspect"": ""Placement Cell"", ""sentiment"": ""Positive""}, {""aspect"": ""Communication"", ""sentiment"": ""Negative""}]"
FB0946,2026-08-28,canteen ka food achha nahi hai yaar,Uploaded CSV,Negative,0.9246,Frustration,"[""Canteen Ka Food"", ""Nahi""]","[""canteen ka food"", ""nahi""]",canteen ka food achha nahi hai yaar,0.9246,"[{""aspect"": ""Canteen Ka"", ""sentiment"": ""Negative""}]"
FB0947,2026-10-07,classrooms are clean and comfortable,Uploaded CSV,Positive,0.9998,Satisfaction,"[""New Classrooms"", ""Clean""]","[""classrooms"", ""clean""]",classrooms are clean and comfortable,0.9998,"[{""aspect"": ""Classrooms Clean"", ""sentiment"": ""Positive""}]"
FB0948,2026-08-01,registration process is confusing,Uploaded CSV,Negative,0.9992,Frustration,"[""Registration Process""]","[""registration process"", ""confusing""]",registration process is confusing,0.9992,"[{""aspect"": ""Registration Process"", ""sentiment"": ""Negative""}]"
FB0949,2026-08-24,lift doesnt work sometimes,Uploaded CSV,Negative,0.9955,Frustration,"[""Lift""]","[""lift""]",lift doesnt work sometimes,0.9955,"[{""aspect"": ""Lift"", ""sentiment"": ""Negative""}]"
FB0950,2026-08-24,some teachers are helpful but lectures feel rushed,Uploaded CSV,Negative,0.997,Frustration,"[""Teachers"", ""Rushed""]","[""teachers"", ""rushed"", ""lectures""]",some teachers are helpful but lectures feel rushed,0.997,"[{""aspect"": ""Some Teachers"", ""sentiment"": ""Positive""}, {""aspect"": ""Lectures Feel"", ""sentiment"": ""Negative""}]"
FB0951,2026-08-08,internet  keeps disconnecting every few mins,Uploaded CSV,Negative,0.998,Frustration,"[""Disconnecting Every"", ""Internet""]","[""disconnecting every"", ""internet"", ""mins""]",internet keeps disconnecting every few mins,0.998,"[{""aspect"": ""Internet Keeps"", ""sentiment"": ""Negative""}]"
FB0952,2026-08-28,fees payment was smooth this time,Uploaded CSV,Neutral,0.5813,Neutral,"[""Fees Payment"", ""Smooth""]","[""fees payment"", ""smooth"", ""time""]",fees payment was smooth this time,0.5813,"[{""aspect"": ""Fees Payment"", ""sentiment"": ""Neutral""}]"
FB0953,2026-07-04,wifi barely works in block B,Uploaded CSV,Negative,0.9994,Frustration,"[""Block"", ""Wi-Fi""]","[""wifi barely"", ""block""]",wifi barely works in block B,0.9994,"[{""aspect"": ""Wifi"", ""sentiment"": ""Negative""}]"
FB0954,2026-06-22,"classes are okay, nothing special",Uploaded CSV,Negative,0.9397,Frustration,"[""Nothing Special"", ""Classes""]","[""nothing special"", ""classes""]","classes are okay, nothing special",0.9397,"[{""aspect"": ""Classes Nothing"", ""sentiment"": ""Negative""}]"
FB0955,2026-08-25,forms are not clear at all 👍,Uploaded CSV,Negative,0.9997,Frustration,"[""Forms"", ""Clear""]","[""forms"", ""clear"", ""all""]",forms are not clear at all 👍,0.9997,"[{""aspect"": ""Forms Clear"", ""sentiment"": ""Negative""}]"
FB0956,2026-08-28,documents  were processed quickly :),Uploaded CSV,Negative,0.9885,Frustration,"[""Processed Quickly"", ""Documents""]","[""processed quickly"", ""documents""]",documents were processed quickly :),0.9885,"[{""aspect"": ""Documents Processed"", ""sentiment"": ""Negative""}]"
FB0957,2026-08-28,the library timings are not enough for evening study :(,Uploaded CSV,Negative,0.9996,Frustration,"[""Evening Study"", ""Library Timings""]","[""evening study"", ""library timings""]",the library timings are not enough for evening study :(,0.9996,"[{""aspect"": ""Library Timings"", ""sentiment"": ""Negative""}]"
FB0958,2026-07-27,classrooms are clean and comfortable,Uploaded CSV,Positive,0.9998,Satisfaction,"[""New Classrooms"", ""Clean""]","[""classrooms"", ""clean""]",classrooms are clean and comfortable,0.9998,"[{""aspect"": ""Classrooms Clean"", ""sentiment"": ""Positive""}]"
FB0959,2026-09-12,parking  is  a mess during peak hours,Uploaded CSV,Negative,0.9998,Frustration,"[""Peak Hours"", ""Parking""]","[""peak hours"", ""parking"", ""mess""]",parking is a mess during peak hours,0.9998,"[{""aspect"": ""Parking Mess"", ""sentiment"": ""Negative""}]"
FB0960,2026-07-21,placement  updates  are very late tbh,Uploaded CSV,Negative,0.9989,Frustration,"[""Placement Updates""]","[""placement updates"", ""late""]",placement updates are very late tbh,0.9989,"[{""aspect"": ""Placement Updates"", ""sentiment"": ""Negative""}]"
FB0961,2026-08-29,net is fine in the morning but terrible later 😭,Uploaded CSV,Mixed,0.9919,Frustration,"[""Net"", ""Morning""]","[""net"", ""morning"", ""later""]",net is fine in the morning but terrible later 😭,0.9919,"[{""aspect"": ""Net Morning"", ""sentiment"": ""Positive""}, {""aspect"": ""Later"", ""sentiment"": ""Negative""}]"
FB0962,2026-08-29,food quality has improved 👍,Uploaded CSV,Positive,0.9996,Joy,"[""Food Quality"", ""Improved""]","[""food quality"", ""improved""]",food quality has improved 👍,0.9996,"[{""aspect"": ""Food Quality"", ""sentiment"": ""Positive""}]"
FB0963,2026-09-17,library is quiet and useful,Uploaded CSV,Positive,0.9992,Joy,"[""Quiet"", ""Useful""]","[""quiet"", ""useful"", ""library""]",library is quiet and useful,0.9992,"[{""aspect"": ""Library Quiet"", ""sentiment"": ""Positive""}]"
FB0964,2026-09-10,Wi-Fi is sooo slow in the evening 😡,Uploaded CSV,Negative,0.9983,Anger,"[""Wi-Fi"", ""Evening""]","[""sooo slow"", ""wi-fi"", ""evening""]",Wi-Fi is sooo slow in the evening 😡,0.9983,"[{""aspect"": ""Wi-Fi Sooo"", ""sentiment"": ""Negative""}]"
FB0965,2026-09-07,professor  doesnt explain doubts properly,Uploaded CSV,Negative,0.9997,Frustration,"[""Explain Doubts Properly"", ""Professor""]","[""explain doubts properly"", ""professor""]",professor doesnt explain doubts properly,0.9997,"[{""aspect"": ""Professor Doesnt"", ""sentiment"": ""Negative""}]"
FB0966,2026-08-29,projector wasnt working in class...,Uploaded CSV,Negative,0.9986,Frustration,"[""Projector"", ""Classes""]","[""projector"", ""class""]",projector wasnt working in class...,0.9986,"[{""aspect"": ""Projector"", ""sentiment"": ""Negative""}]"
FB0967,2026-08-29,the library timings are not enough for evening study,Uploaded CSV,Negative,0.9995,Frustration,"[""Evening Study"", ""Library Timings""]","[""evening study"", ""library timings""]",the library timings are not enough for evening study,0.9995,"[{""aspect"": ""Library Timings"", ""sentiment"": ""Negative""}]"
FB0968,2026-07-04,placement cell is helpful but communication is slow,Uploaded CSV,Negative,0.9976,Frustration,"[""Placement Cell"", ""Communication""]","[""placement cell"", ""communication"", ""slow""]",placement cell is helpful but communication is slow,0.9976,"[{""aspect"": ""Placement Cell"", ""sentiment"": ""Positive""}, {""aspect"": ""Communication"", ""sentiment"": ""Negative""}]"
FB0969,2026-08-25,washrooms need better maintenance,Uploaded CSV,Negative,0.9985,Frustration,"[""Washrooms""]","[""washrooms"", ""maintenance""]",washrooms need better maintenance,0.9985,"[{""aspect"": ""Washrooms"", ""sentiment"": ""Negative""}]"
FB0970,2026-08-28,too many last minute changes,Uploaded CSV,Negative,0.998,Frustration,"[""Last Minute Changes""]","[""last minute changes""]",too many last minute changes,0.998,"[{""aspect"": ""Last Minute Changes"", ""sentiment"": ""Negative""}]"
FB0971,2026-02-06,documents were processed quickly :),Uploaded CSV,Negative,0.9885,Frustration,"[""Processed Quickly"", ""Documents""]","[""processed quickly"", ""documents""]",documents were processed quickly :),0.9885,"[{""aspect"": ""Documents Processed"", ""sentiment"": ""Negative""}]"
FB0972,2026-08-29,library staff is helpful,Uploaded CSV,Positive,0.9997,Joy,"[""Library Staff""]","[""library staff""]",library staff is helpful,0.9997,"[{""aspect"": ""Library Staff"", ""sentiment"": ""Positive""}]"
FB0973,2026-08-11,forms are not clear at all,Uploaded CSV,Negative,0.9997,Frustration,"[""Forms"", ""Clear""]","[""forms"", ""clear"", ""all""]",forms are not clear at all,0.9997,"[{""aspect"": ""Forms Clear"", ""sentiment"": ""Negative""}]"
FB0974,2026-06-20,not enough healthy options tbh,Uploaded CSV,Negative,0.9991,Frustration,"[""Healthy Options""]","[""healthy options""]",not enough healthy options tbh,0.9991,"[{""aspect"": ""Healthy Options"", ""sentiment"": ""Negative""}]"
FB0975,2026-06-09,internet  keeps disconnecting every few mins,Uploaded CSV,Negative,0.998,Frustration,"[""Disconnecting Every"", ""Internet""]","[""disconnecting every"", ""internet"", ""mins""]",internet keeps disconnecting every few mins,0.998,"[{""aspect"": ""Internet Keeps"", ""sentiment"": ""Negative""}]"
FB0976,2026-07-05,faculty is sooo goooddddd :D,Uploaded CSV,Negative,0.9941,Frustration,"[""Sooo Goooddddd"", ""Faculty""]","[""sooo goooddddd"", ""faculty""]",faculty is sooo goooddddd :D,0.9941,"[{""aspect"": ""Faculty Sooo"", ""sentiment"": ""Negative""}]"
FB0977,2026-11-05,"books  are good, but the AC is too cold",Uploaded CSV,Mixed,0.9972,Concern,"[""Books"", ""Ac""]","[""books"", ""ac"", ""cold""]","books are good, but the AC is too cold",0.9972,"[{""aspect"": ""Books"", ""sentiment"": ""Positive""}, {""aspect"": ""Ac Cold"", ""sentiment"": ""Negative""}]"
FB0978,2026-07-28,chai is good but lunch is sooo expensive,Uploaded CSV,Mixed,0.8008,Concern,"[""Sooo Expensive"", ""Chai""]","[""sooo expensive"", ""chai"", ""lunch""]",chai is good but lunch is sooo expensive,0.8008,"[{""aspect"": ""Chai"", ""sentiment"": ""Positive""}, {""aspect"": ""Lunch Sooo"", ""sentiment"": ""Negative""}]"
FB0979,2026-08-02,PCs are fine now 👍!!!,Uploaded CSV,Positive,0.9978,Satisfaction,"[""Now"", ""Pcs""]","[""now"", ""pcs""]",PCs are fine now 👍!!!,0.9978,"[{""aspect"": ""Pcs Now"", ""sentiment"": ""Positive""}]"
FB0980,2026-08-10,registration process is confusing,Uploaded CSV,Negative,0.9992,Frustration,"[""Registration Process""]","[""registration process"", ""confusing""]",registration process is confusing,0.9992,"[{""aspect"": ""Registration Process"", ""sentiment"": ""Negative""}]"
FB0981,2026-08-29,fans are too slow in the afternoon,Uploaded CSV,Negative,0.9974,Frustration,"[""Fans"", ""Afternoon""]","[""fans"", ""afternoon"", ""slow""]",fans are too slow in the afternoon,0.9974,"[{""aspect"": ""Fans"", ""sentiment"": ""Negative""}]"
FB0982,2026-08-29,food quality has improved 👍,Uploaded CSV,Positive,0.9996,Joy,"[""Food Quality"", ""Improved""]","[""food quality"", ""improved""]",food quality has improved 👍,0.9996,"[{""aspect"": ""Food Quality"", ""sentiment"": ""Positive""}]"
FB0983,2026-06-07,net is fine in the morning but terrible later,Uploaded CSV,Mixed,0.9912,Concern,"[""Net"", ""Morning""]","[""net"", ""morning"", ""later""]",net is fine in the morning but terrible later,0.9912,"[{""aspect"": ""Net Morning"", ""sentiment"": ""Positive""}, {""aspect"": ""Later"", ""sentiment"": ""Negative""}]"
FB0984,2026-08-15,registration process is confusing btw,Uploaded CSV,Negative,0.9993,Frustration,"[""Confusing Btw"", ""Registration Process""]","[""confusing btw"", ""registration process""]",registration process is confusing btw,0.9993,"[{""aspect"": ""Registration Process"", ""sentiment"": ""Negative""}]"
FB0985,2026-08-30,fees payment was smooth this time,Uploaded CSV,Neutral,0.5813,Neutral,"[""Fees Payment"", ""Smooth""]","[""fees payment"", ""smooth"", ""time""]",fees payment was smooth this time,0.5813,"[{""aspect"": ""Fees Payment"", ""sentiment"": ""Neutral""}]"
FB0986,2026-08-29,not enough working PCs,Uploaded CSV,Negative,0.9997,Frustration,"[""Pcs""]","[""pcs""]",not enough working PCs,0.9997,"[{""aspect"": ""Working Pcs"", ""sentiment"": ""Negative""}]"
FB0987,2026-11-08,placement updates are very late tbh,Uploaded CSV,Negative,0.9989,Frustration,"[""Placement Updates""]","[""placement updates"", ""late""]",placement updates are very late tbh,0.9989,"[{""aspect"": ""Placement Updates"", ""sentiment"": ""Negative""}]"
FB0988,2026-06-14,registration process is confusing,Uploaded CSV,Negative,0.9992,Frustration,"[""Registration Process""]","[""registration process"", ""confusing""]",registration process is confusing,0.9992,"[{""aspect"": ""Registration Process"", ""sentiment"": ""Negative""}]"
FB0989,2026-09-03,documents were processed quickly :),Uploaded CSV,Negative,0.9885,Frustration,"[""Processed Quickly"", ""Documents""]","[""processed quickly"", ""documents""]",documents were processed quickly :),0.9885,"[{""aspect"": ""Documents Processed"", ""sentiment"": ""Negative""}]"
FB0990,2026-06-24,"books are good, but the AC is too cold 😭",Uploaded CSV,Mixed,0.9965,Frustration,"[""Books"", ""Ac""]","[""books"", ""ac"", ""cold""]","books are good, but the AC is too cold 😭",0.9965,"[{""aspect"": ""Books"", ""sentiment"": ""Positive""}, {""aspect"": ""Ac Cold"", ""sentiment"": ""Negative""}]"
FB0991,2026-08-30,not  enough interview rooms,Uploaded CSV,Negative,0.9994,Frustration,"[""Interview Rooms""]","[""interview rooms""]",not enough interview rooms,0.9994,"[{""aspect"": ""Interview Rooms"", ""sentiment"": ""Negative""}]"
FB0992,2026-06-05,internet keeps disconnecting every few mins,Uploaded CSV,Negative,0.998,Frustration,"[""Disconnecting Every"", ""Internet""]","[""disconnecting every"", ""internet"", ""mins""]",internet keeps disconnecting every few mins,0.998,"[{""aspect"": ""Internet Keeps"", ""sentiment"": ""Negative""}]"
FB0993,2026-08-03,canteen is clean but food quality needs work,Uploaded CSV,Negative,0.9558,Frustration,"[""Food Quality"", ""Clean""]","[""food quality"", ""clean"", ""canteen""]",canteen is clean but food quality needs work,0.9558,"[{""aspect"": ""Canteen Clean"", ""sentiment"": ""Positive""}, {""aspect"": ""Food Quality"", ""sentiment"": ""Negative""}]"
FB0994,2026-07-25,wifi bahut slow hai yaar 😭,Uploaded CSV,Negative,0.9906,Frustration,"[""Wifi Bahut""]","[""wifi bahut slow""]",wifi bahut slow hai yaar 😭,0.9906,"[{""aspect"": ""Wifi Bahut"", ""sentiment"": ""Negative""}]"
FB0995,2026-09-24,new classrooms are really good!,Uploaded CSV,Positive,0.9999,Satisfaction,"[""New Classrooms""]","[""new classrooms""]",new classrooms are really good!,0.9999,"[{""aspect"": ""New Classrooms"", ""sentiment"": ""Positive""}]"
FB0996,2026-08-30,prices are too high for the portion,Uploaded CSV,Negative,0.999,Frustration,"[""Portion"", ""Prices""]","[""portion"", ""prices"", ""high""]",prices are too high for the portion,0.999,"[{""aspect"": ""Prices"", ""sentiment"": ""Negative""}]"
FB0997,2026-08-30,the library timings are not enough for evening study,Uploaded CSV,Negative,0.9995,Frustration,"[""Evening Study"", ""Library Timings""]","[""evening study"", ""library timings""]",the library timings are not enough for evening study,0.9995,"[{""aspect"": ""Library Timings"", ""sentiment"": ""Negative""}]"
FB0998,2026-07-06,washroom cleaning is much better now,Uploaded CSV,Positive,0.9696,Satisfaction,"[""Washroom Cleaning"", ""Now""]","[""washroom cleaning"", ""now""]",washroom cleaning is much better now,0.9696,"[{""aspect"": ""Washroom Cleaning"", ""sentiment"": ""Positive""}]"
FB0999,2026-07-27,companies were actually good this year,Uploaded CSV,Positive,0.9999,Satisfaction,"[""Year"", ""Companies""]","[""year"", ""companies""]",companies were actually good this year,0.9999,"[{""aspect"": ""Companies Year"", ""sentiment"": ""Positive""}]"
FB1000,2026-09-15,prices are too high for the portion,Uploaded CSV,Negative,0.999,Frustration,"[""Portion"", ""Prices""]","[""portion"", ""prices"", ""high""]",prices are too high for the portion,0.999,"[{""aspect"": ""Prices"", ""sentiment"": ""Negative""}]"
FB1001,2026-08-30,fans  are  too slow in the afternoon,Uploaded CSV,Negative,0.9974,Frustration,"[""Fans"", ""Afternoon""]","[""fans"", ""afternoon"", ""slow""]",fans are too slow in the afternoon,0.9974,"[{""aspect"": ""Fans"", ""sentiment"": ""Negative""}]"
FB1002,2026-08-30,classrooms are clean and comfortable,Uploaded CSV,Positive,0.9998,Satisfaction,"[""New Classrooms"", ""Clean""]","[""classrooms"", ""clean""]",classrooms are clean and comfortable,0.9998,"[{""aspect"": ""Classrooms Clean"", ""sentiment"": ""Positive""}]"
FB1003,2026-09-06,chai is good but lunch is sooo expensive,Uploaded CSV,Mixed,0.8008,Concern,"[""Sooo Expensive"", ""Chai""]","[""sooo expensive"", ""chai"", ""lunch""]",chai is good but lunch is sooo expensive,0.8008,"[{""aspect"": ""Chai"", ""sentiment"": ""Positive""}, {""aspect"": ""Lunch Sooo"", ""sentiment"": ""Negative""}]"
FB1004,2026-08-24,parking is a mess during peak hours,Uploaded CSV,Negative,0.9998,Frustration,"[""Peak Hours"", ""Parking""]","[""peak hours"", ""parking"", ""mess""]",parking is a mess during peak hours,0.9998,"[{""aspect"": ""Parking Mess"", ""sentiment"": ""Negative""}]"
FB1005,2026-09-15,placement cell is helpful but communication is slow,Uploaded CSV,Negative,0.9976,Frustration,"[""Placement Cell"", ""Communication""]","[""placement cell"", ""communication"", ""slow""]",placement cell is helpful but communication is slow,0.9976,"[{""aspect"": ""Placement Cell"", ""sentiment"": ""Positive""}, {""aspect"": ""Communication"", ""sentiment"": ""Negative""}]"
FB1006,2026-06-07,lab bahut crowded hai during practicals,Uploaded CSV,Negative,0.9913,Frustration,"[""Lab Bahut Crowded"", ""Practicals""]","[""lab bahut crowded"", ""practicals""]",lab bahut crowded hai during practicals,0.9913,"[{""aspect"": ""Lab Bahut"", ""sentiment"": ""Negative""}]"
FB1007,2026-07-05,library is great but closes too early,Uploaded CSV,Negative,0.9929,Frustration,"[""Library""]","[""early"", ""library""]",library is great but closes too early,0.9929,"[{""aspect"": ""Library"", ""sentiment"": ""Positive""}, {""aspect"": ""Closes Early"", ""sentiment"": ""Negative""}]"
FB1008,2026-07-07,internet  keeps disconnecting every few mins,Uploaded CSV,Negative,0.998,Frustration,"[""Disconnecting Every"", ""Internet""]","[""disconnecting every"", ""internet"", ""mins""]",internet keeps disconnecting every few mins,0.998,"[{""aspect"": ""Internet Keeps"", ""sentiment"": ""Negative""}]"
FB1009,2026-08-27,not enough working PCs,Uploaded CSV,Negative,0.9997,Frustration,"[""Pcs""]","[""pcs""]",not enough working PCs,0.9997,"[{""aspect"": ""Working Pcs"", ""sentiment"": ""Negative""}]"
FB1010,2026-06-04,not enough working PCs,Uploaded CSV,Negative,0.9997,Frustration,"[""Pcs""]","[""pcs""]",not enough working PCs,0.9997,"[{""aspect"": ""Working Pcs"", ""sentiment"": ""Negative""}]"
FB1011,2026-08-30,parking is a mess during peak hours,Uploaded CSV,Negative,0.9998,Frustration,"[""Peak Hours"", ""Parking""]","[""peak hours"", ""parking"", ""mess""]",parking is a mess during peak hours,0.9998,"[{""aspect"": ""Parking Mess"", ""sentiment"": ""Negative""}]"
FB1012,2026-08-30,faculty  is  sooo goooddddd :D,Uploaded CSV,Negative,0.9941,Frustration,"[""Sooo Goooddddd"", ""Faculty""]","[""sooo goooddddd"", ""faculty""]",faculty is sooo goooddddd :D,0.9941,"[{""aspect"": ""Faculty Sooo"", ""sentiment"": ""Negative""}]"
FB1013,2026-09-09,net is fine in the morning but terrible later,Uploaded CSV,Mixed,0.9912,Concern,"[""Net"", ""Morning""]","[""net"", ""morning"", ""later""]",net is fine in the morning but terrible later,0.9912,"[{""aspect"": ""Net Morning"", ""sentiment"": ""Positive""}, {""aspect"": ""Later"", ""sentiment"": ""Negative""}]"
FB1014,2026-07-02,washrooms need better maintenance,Uploaded CSV,Negative,0.9985,Frustration,"[""Washrooms""]","[""washrooms"", ""maintenance""]",washrooms need better maintenance,0.9985,"[{""aspect"": ""Washrooms"", ""sentiment"": ""Negative""}]"
FB1015,2026-09-24,notes are useful but examples are missing,Uploaded CSV,Mixed,0.9976,Concern,"[""Notes"", ""Examples""]","[""notes"", ""examples"", ""missing"", ""useful""]",notes are useful but examples are missing,0.9976,"[{""aspect"": ""Notes Useful"", ""sentiment"": ""Positive""}, {""aspect"": ""Examples Missing"", ""sentiment"": ""Negative""}]"
FB1016,2026-08-31,fans are too slow in the afternoon,Uploaded CSV,Negative,0.9974,Frustration,"[""Fans"", ""Afternoon""]","[""fans"", ""afternoon"", ""slow""]",fans are too slow in the afternoon,0.9974,"[{""aspect"": ""Fans"", ""sentiment"": ""Negative""}]"
FB1017,2026-08-31,lab is good but half the machines are dead,Uploaded CSV,Mixed,0.9944,Concern,"[""Half"", ""Machines""]","[""half"", ""machines"", ""dead"", ""lab""]",lab is good but half the machines are dead,0.9944,"[{""aspect"": ""Lab"", ""sentiment"": ""Positive""}, {""aspect"": ""Half Machines"", ""sentiment"": ""Negative""}]"
FB1018,2026-09-03,Love the library :) but there are hardly any seats,Uploaded CSV,Mixed,0.99,Concern,"[""Hardly Any Seats"", ""Love""]","[""hardly any seats"", ""love"", ""there"", ""library""]",Love the library :) but there are hardly any seats,0.99,"[{""aspect"": ""Love Library"", ""sentiment"": ""Positive""}, {""aspect"": ""There Hardly"", ""sentiment"": ""Neutral""}]"
FB1019,2026-07-05,the library timings are not enough for evening study,Uploaded CSV,Negative,0.9995,Frustration,"[""Evening Study"", ""Library Timings""]","[""evening study"", ""library timings""]",the library timings are not enough for evening study,0.9995,"[{""aspect"": ""Library Timings"", ""sentiment"": ""Negative""}]"
FB1020,2026-09-16,not enough working PCs,Uploaded CSV,Negative,0.9997,Frustration,"[""Pcs""]","[""pcs""]",not enough working PCs,0.9997,"[{""aspect"": ""Working Pcs"", ""sentiment"": ""Negative""}]"
FB1021,2026-08-31,lab equipment is outdated tbh,Uploaded CSV,Negative,0.9998,Frustration,"[""Lab Equipment""]","[""lab equipment"", ""outdated""]",lab equipment is outdated tbh,0.9998,"[{""aspect"": ""Lab Equipment"", ""sentiment"": ""Negative""}]"
FB1022,2026-12-06,canteen food is bad :(,Uploaded CSV,Negative,0.9997,Frustration,"[""Canteen Food""]","[""canteen food""]",canteen food is bad :(,0.9997,"[{""aspect"": ""Canteen Food"", ""sentiment"": ""Negative""}]"
FB1023,2026-08-10,campus wifi is actually decent :(,Uploaded CSV,Positive,0.9987,Frustration,"[""Campus Wifi""]","[""campus wifi""]",campus wifi is actually decent :(,0.9987,"[{""aspect"": ""Campus Wifi"", ""sentiment"": ""Positive""}]"
FB1024,2026-07-10,lift doesnt work sometimes,Uploaded CSV,Negative,0.9955,Frustration,"[""Lift""]","[""lift""]",lift doesnt work sometimes,0.9955,"[{""aspect"": ""Lift"", ""sentiment"": ""Negative""}]"
FB1025,2026-06-20,some teachers are helpful but lectures feel rushed :(,Uploaded CSV,Negative,0.9975,Frustration,"[""Teachers"", ""Rushed""]","[""teachers"", ""rushed"", ""lectures""]",some teachers are helpful but lectures feel rushed :(,0.9975,"[{""aspect"": ""Some Teachers"", ""sentiment"": ""Positive""}, {""aspect"": ""Lectures Feel"", ""sentiment"": ""Negative""}]"
FB1026,2026-12-05,not enough interview rooms,Uploaded CSV,Negative,0.9994,Frustration,"[""Interview Rooms""]","[""interview rooms""]",not enough interview rooms,0.9994,"[{""aspect"": ""Interview Rooms"", ""sentiment"": ""Negative""}]"
FB1027,2026-08-31,fans are too slow in the afternoon,Uploaded CSV,Negative,0.9974,Frustration,"[""Fans"", ""Afternoon""]","[""fans"", ""afternoon"", ""slow""]",fans are too slow in the afternoon,0.9974,"[{""aspect"": ""Fans"", ""sentiment"": ""Negative""}]"
FB1028,2026-06-28,building looks nice but the lift is always broken,Uploaded CSV,Mixed,0.9982,Concern,"[""Always Broken"", ""Building""]","[""always broken"", ""building"", ""nice"", ""lift""]",building looks nice but the lift is always broken,0.9982,"[{""aspect"": ""Building Looks"", ""sentiment"": ""Positive""}, {""aspect"": ""Lift Always"", ""sentiment"": ""Negative""}]"
FB1029,2026-08-22,documents were processed quickly :),Uploaded CSV,Negative,0.9885,Frustration,"[""Processed Quickly"", ""Documents""]","[""processed quickly"", ""documents""]",documents were processed quickly :),0.9885,"[{""aspect"": ""Documents Processed"", ""sentiment"": ""Negative""}]"
FB1030,2026-07-27,wifi barely works in block B,Uploaded CSV,Negative,0.9994,Frustration,"[""Block"", ""Wi-Fi""]","[""wifi barely"", ""block""]",wifi barely works in block B,0.9994,"[{""aspect"": ""Wifi"", ""sentiment"": ""Negative""}]"
FB1031,2026-08-31,professor doesnt explain doubts properly,Uploaded CSV,Negative,0.9997,Frustration,"[""Explain Doubts Properly"", ""Professor""]","[""explain doubts properly"", ""professor""]",professor doesnt explain doubts properly,0.9997,"[{""aspect"": ""Professor Doesnt"", ""sentiment"": ""Negative""}]"
FB1032,2026-08-31,washroom cleaning is much better now,Uploaded CSV,Positive,0.9696,Satisfaction,"[""Washroom Cleaning"", ""Now""]","[""washroom cleaning"", ""now""]",washroom cleaning is much better now,0.9696,"[{""aspect"": ""Washroom Cleaning"", ""sentiment"": ""Positive""}]"
FB1033,2026-07-07,companies were actually good this year,Uploaded CSV,Positive,0.9999,Satisfaction,"[""Year"", ""Companies""]","[""year"", ""companies""]",companies were actually good this year,0.9999,"[{""aspect"": ""Companies Year"", ""sentiment"": ""Positive""}]"
FB1034,2026-07-27,WiFi is not good after 6pm :( :(,Uploaded CSV,Negative,0.9997,Frustration,"[""After 6Pm"", ""Wi-Fi""]","[""after 6pm"", ""wifi""]",WiFi is not good after 6pm :( :(,0.9997,"[{""aspect"": ""Wifi After"", ""sentiment"": ""Negative""}]"
FB1035,2026-06-24,too many last minute changes tbh,Uploaded CSV,Negative,0.9983,Frustration,"[""Last Minute Changes""]","[""last minute changes""]",too many last minute changes tbh,0.9983,"[{""aspect"": ""Last Minute Changes"", ""sentiment"": ""Negative""}]"
FB1036,2026-08-31,lift doesnt work sometimes,Uploaded CSV,Negative,0.9955,Frustration,"[""Lift""]","[""lift""]",lift doesnt work sometimes,0.9955,"[{""aspect"": ""Lift"", ""sentiment"": ""Negative""}]"
FB1037,2026-08-31,wifi  barely works in block B,Uploaded CSV,Negative,0.9994,Frustration,"[""Block"", ""Wi-Fi""]","[""wifi barely"", ""block""]",wifi barely works in block B,0.9994,"[{""aspect"": ""Wifi"", ""sentiment"": ""Negative""}]"
FB1038,2026-08-08,placements look better this semester 👍,Uploaded CSV,Negative,0.9833,Frustration,"[""Placements"", ""Semester""]","[""placements"", ""semester""]",placements look better this semester 👍,0.9833,"[{""aspect"": ""Placements Look"", ""sentiment"": ""Negative""}]"
FB1039,2026-06-09,placement cell is helpful but communication is slow,Uploaded CSV,Negative,0.9976,Frustration,"[""Placement Cell"", ""Communication""]","[""placement cell"", ""communication"", ""slow""]",placement cell is helpful but communication is slow,0.9976,"[{""aspect"": ""Placement Cell"", ""sentiment"": ""Positive""}, {""aspect"": ""Communication"", ""sentiment"": ""Negative""}]"
FB1040,2026-06-04,canteen food is bad :(,Uploaded CSV,Negative,0.9997,Frustration,"[""Canteen Food""]","[""canteen food""]",canteen food is bad :(,0.9997,"[{""aspect"": ""Canteen Food"", ""sentiment"": ""Negative""}]"
FB1041,2026-10-08,library is great but closes too early,Uploaded CSV,Negative,0.9929,Frustration,"[""Library""]","[""early"", ""library""]",library is great but closes too early,0.9929,"[{""aspect"": ""Library"", ""sentiment"": ""Positive""}, {""aspect"": ""Closes Early"", ""sentiment"": ""Negative""}]"
FB1042,2026-09-01,software installation takes forever,Uploaded CSV,Negative,0.9462,Frustration,"[""Software Installation Takes"", ""Installation Takes Forever""]","[""software installation takes"", ""installation takes forever""]",software installation takes forever,0.9462,"[{""aspect"": ""Software Installation"", ""sentiment"": ""Negative""}]"
FB1043,2026-08-20,sir was really good!!!,Uploaded CSV,Positive,0.9999,Satisfaction,"[""Sir""]","[""sir""]",sir was really good!!!,0.9999,"[{""aspect"": ""Sir"", ""sentiment"": ""Positive""}]"
FB1044,2026-08-25,too many last minute changes in placement schedule :/,Uploaded CSV,Negative,0.9995,Frustration,"[""Last Minute Changes"", ""Placement Schedule""]","[""last minute changes"", ""placement schedule""]",too many last minute changes in placement schedule :/,0.9995,"[{""aspect"": ""Last Minute Changes Placement Schedule"", ""sentiment"": ""Negative""}]"
FB1045,2026-08-31,"books are good, but the AC is too cold",Uploaded CSV,Mixed,0.9972,Concern,"[""Books"", ""Ac""]","[""books"", ""ac"", ""cold""]","books are good, but the AC is too cold",0.9972,"[{""aspect"": ""Books"", ""sentiment"": ""Positive""}, {""aspect"": ""Ac Cold"", ""sentiment"": ""Negative""}]"
FB1046,2026-09-01,library staff is helpful,Uploaded CSV,Positive,0.9997,Joy,"[""Library Staff""]","[""library staff""]",library staff is helpful,0.9997,"[{""aspect"": ""Library Staff"", ""sentiment"": ""Positive""}]"
FB1047,2026-09-01,library is quiet and useful,Uploaded CSV,Positive,0.9992,Joy,"[""Quiet"", ""Useful""]","[""quiet"", ""useful"", ""library""]",library is quiet and useful,0.9992,"[{""aspect"": ""Library Quiet"", ""sentiment"": ""Positive""}]"
FB1048,2026-08-17,lab bahut crowded hai during practicals,Uploaded CSV,Negative,0.9913,Frustration,"[""Lab Bahut Crowded"", ""Practicals""]","[""lab bahut crowded"", ""practicals""]",lab bahut crowded hai during practicals,0.9913,"[{""aspect"": ""Lab Bahut"", ""sentiment"": ""Negative""}]"
FB1049,2026-07-26,library is quiet and useful,Uploaded CSV,Positive,0.9992,Joy,"[""Quiet"", ""Useful""]","[""quiet"", ""useful"", ""library""]",library is quiet and useful,0.9992,"[{""aspect"": ""Library Quiet"", ""sentiment"": ""Positive""}]"
FB1050,2026-06-03,too many last minute changes in placement schedule,Uploaded CSV,Negative,0.9995,Frustration,"[""Last Minute Changes"", ""Placement Schedule""]","[""last minute changes"", ""placement schedule""]",too many last minute changes in placement schedule,0.9995,"[{""aspect"": ""Last Minute Changes Placement Schedule"", ""sentiment"": ""Negative""}]"
FB1051,2026-09-01,admin replies very late,Uploaded CSV,Negative,0.9977,Frustration,"[""Admin Replies""]","[""admin replies"", ""late""]",admin replies very late,0.9977,"[{""aspect"": ""Admin Replies"", ""sentiment"": ""Negative""}]"
FB1052,2026-09-07,placements look better this semester 👍,Uploaded CSV,Negative,0.9833,Frustration,"[""Placements"", ""Semester""]","[""placements"", ""semester""]",placements look better this semester 👍,0.9833,"[{""aspect"": ""Placements Look"", ""sentiment"": ""Negative""}]"
FB1053,2026-08-26,PCs are fine now 👍,Uploaded CSV,Positive,0.9981,Satisfaction,"[""Now"", ""Pcs""]","[""now"", ""pcs""]",PCs are fine now 👍,0.9981,"[{""aspect"": ""Pcs Now"", ""sentiment"": ""Positive""}]"
FB1054,2026-08-10,washrooms need better maintenance,Uploaded CSV,Negative,0.9985,Frustration,"[""Washrooms""]","[""washrooms"", ""maintenance""]",washrooms need better maintenance,0.9985,"[{""aspect"": ""Washrooms"", ""sentiment"": ""Negative""}]"
FB1055,2026-08-12,food is actually pretty good today!,Uploaded CSV,Positive,0.9999,Satisfaction,"[""Pretty"", ""Food""]","[""pretty"", ""food""]",food is actually pretty good today!,0.9999,"[{""aspect"": ""Food Pretty"", ""sentiment"": ""Positive""}]"
FB1056,2026-11-05,not enough interview rooms,Uploaded CSV,Negative,0.9994,Frustration,"[""Interview Rooms""]","[""interview rooms""]",not enough interview rooms,0.9994,"[{""aspect"": ""Interview Rooms"", ""sentiment"": ""Negative""}]"
FB1057,2026-09-01,not enough working PCs,Uploaded CSV,Negative,0.9997,Frustration,"[""Pcs""]","[""pcs""]",not enough working PCs,0.9997,"[{""aspect"": ""Working Pcs"", ""sentiment"": ""Negative""}]"
FB1058,2026-06-21,fans are too slow in the afternoon,Uploaded CSV,Negative,0.9974,Frustration,"[""Fans"", ""Afternoon""]","[""fans"", ""afternoon"", ""slow""]",fans are too slow in the afternoon,0.9974,"[{""aspect"": ""Fans"", ""sentiment"": ""Negative""}]"
FB1059,2026-07-02,not enough healthy options tbh,Uploaded CSV,Negative,0.9991,Frustration,"[""Healthy Options""]","[""healthy options""]",not enough healthy options tbh,0.9991,"[{""aspect"": ""Healthy Options"", ""sentiment"": ""Negative""}]"
FB1060,2026-09-16,faculty  explains concepts really well :),Uploaded CSV,Positive,0.9993,Satisfaction,"[""Faculty Explains Concepts""]","[""faculty explains concepts""]",faculty explains concepts really well :),0.9993,"[{""aspect"": ""Faculty Explains"", ""sentiment"": ""Positive""}]"
FB1061,2026-08-06,office staff is helpful but the queue is too long,Uploaded CSV,Negative,0.9992,Frustration,"[""Office Staff"", ""Queue""]","[""office staff"", ""queue"", ""long""]",office staff is helpful but the queue is too long,0.9992,"[{""aspect"": ""Office Staff"", ""sentiment"": ""Positive""}, {""aspect"": ""Queue Long"", ""sentiment"": ""Negative""}]"
FB1062,2026-01-08,library is quiet and useful,Uploaded CSV,Positive,0.9992,Joy,"[""Quiet"", ""Useful""]","[""quiet"", ""useful"", ""library""]",library is quiet and useful,0.9992,"[{""aspect"": ""Library Quiet"", ""sentiment"": ""Positive""}]"
FB1063,2026-08-25,registration process is confusing,Uploaded CSV,Negative,0.9992,Frustration,"[""Registration Process""]","[""registration process"", ""confusing""]",registration process is confusing,0.9992,"[{""aspect"": ""Registration Process"", ""sentiment"": ""Negative""}]"
FB1064,2026-09-23,faculty explains concepts really well :)...,Uploaded CSV,Positive,0.9988,Satisfaction,"[""Faculty Explains Concepts""]","[""faculty explains concepts""]",faculty explains concepts really well :)...,0.9988,"[{""aspect"": ""Faculty Explains"", ""sentiment"": ""Positive""}]"
FB1065,2026-08-17,"classes are okay, nothing special",Uploaded CSV,Negative,0.9397,Frustration,"[""Nothing Special"", ""Classes""]","[""nothing special"", ""classes""]","classes are okay, nothing special",0.9397,"[{""aspect"": ""Classes Nothing"", ""sentiment"": ""Negative""}]"
FB1066,2026-12-07,PCs are fine now 👍,Uploaded CSV,Positive,0.9981,Satisfaction,"[""Now"", ""Pcs""]","[""now"", ""pcs""]",PCs are fine now 👍,0.9981,"[{""aspect"": ""Pcs Now"", ""sentiment"": ""Positive""}]"
FB1067,2026-09-01,building looks nice but the lift is always broken,Uploaded CSV,Mixed,0.9982,Concern,"[""Always Broken"", ""Building""]","[""always broken"", ""building"", ""nice"", ""lift""]",building looks nice but the lift is always broken,0.9982,"[{""aspect"": ""Building Looks"", ""sentiment"": ""Positive""}, {""aspect"": ""Lift Always"", ""sentiment"": ""Negative""}]"
FB1068,2026-08-31,WiFi  is not good after 6pm :(,Uploaded CSV,Negative,0.9997,Frustration,"[""After 6Pm"", ""Wi-Fi""]","[""after 6pm"", ""wifi""]",WiFi is not good after 6pm :(,0.9997,"[{""aspect"": ""Wifi After"", ""sentiment"": ""Negative""}]"
FB1069,2026-06-17,companies were actually good this year,Uploaded CSV,Positive,0.9999,Satisfaction,"[""Year"", ""Companies""]","[""year"", ""companies""]",companies were actually good this year,0.9999,"[{""aspect"": ""Companies Year"", ""sentiment"": ""Positive""}]"
FB1070,2026-09-07,parking is a mess during peak hours,Uploaded CSV,Negative,0.9998,Frustration,"[""Peak Hours"", ""Parking""]","[""peak hours"", ""parking"", ""mess""]",parking is a mess during peak hours,0.9998,"[{""aspect"": ""Parking Mess"", ""sentiment"": ""Negative""}]"
FB1071,2026-09-02,lab is good but half the machines are dead,Uploaded CSV,Mixed,0.9944,Concern,"[""Half"", ""Machines""]","[""half"", ""machines"", ""dead"", ""lab""]",lab is good but half the machines are dead,0.9944,"[{""aspect"": ""Lab"", ""sentiment"": ""Positive""}, {""aspect"": ""Half Machines"", ""sentiment"": ""Negative""}]"
FB1072,2026-09-02,library is quiet and useful,Uploaded CSV,Positive,0.9992,Joy,"[""Quiet"", ""Useful""]","[""quiet"", ""useful"", ""library""]",library is quiet and useful,0.9992,"[{""aspect"": ""Library Quiet"", ""sentiment"": ""Positive""}]"
FB1073,2026-08-20,sir was really good!!!,Uploaded CSV,Positive,0.9999,Satisfaction,"[""Sir""]","[""sir""]",sir was really good!!!,0.9999,"[{""aspect"": ""Sir"", ""sentiment"": ""Positive""}]"
FB1074,2026-06-02,library staff is helpful,Uploaded CSV,Positive,0.9997,Joy,"[""Library Staff""]","[""library staff""]",library staff is helpful,0.9997,"[{""aspect"": ""Library Staff"", ""sentiment"": ""Positive""}]"
FB1075,2026-06-27,net is fine in the morning but terrible later,Uploaded CSV,Mixed,0.9912,Concern,"[""Net"", ""Morning""]","[""net"", ""morning"", ""later""]",net is fine in the morning but terrible later,0.9912,"[{""aspect"": ""Net Morning"", ""sentiment"": ""Positive""}, {""aspect"": ""Later"", ""sentiment"": ""Negative""}]"
FB1076,2026-09-07,campus wifi is actually decent,Uploaded CSV,Positive,0.9996,Satisfaction,"[""Campus Wifi""]","[""campus wifi""]",campus wifi is actually decent,0.9996,"[{""aspect"": ""Campus Wifi"", ""sentiment"": ""Positive""}]"
FB1077,2026-09-02,office staff is helpful but the queue is too long,Uploaded CSV,Negative,0.9992,Frustration,"[""Office Staff"", ""Queue""]","[""office staff"", ""queue"", ""long""]",office staff is helpful but the queue is too long,0.9992,"[{""aspect"": ""Office Staff"", ""sentiment"": ""Positive""}, {""aspect"": ""Queue Long"", ""sentiment"": ""Negative""}]"
FB1078,2026-08-15,placement process is confusing,Uploaded CSV,Negative,0.9992,Frustration,"[""Placement Process""]","[""placement process"", ""confusing""]",placement process is confusing,0.9992,"[{""aspect"": ""Placement Process"", ""sentiment"": ""Negative""}]"
FB1079,2026-07-20,not enough working PCs,Uploaded CSV,Negative,0.9997,Frustration,"[""Pcs""]","[""pcs""]",not enough working PCs,0.9997,"[{""aspect"": ""Working Pcs"", ""sentiment"": ""Negative""}]"
FB1080,2026-09-16,washrooms need better maintenance,Uploaded CSV,Negative,0.9985,Frustration,"[""Washrooms""]","[""washrooms"", ""maintenance""]",washrooms need better maintenance,0.9985,"[{""aspect"": ""Washrooms"", ""sentiment"": ""Negative""}]"
FB1081,2026-12-07,prices are too high for the portion,Uploaded CSV,Negative,0.999,Frustration,"[""Portion"", ""Prices""]","[""portion"", ""prices"", ""high""]",prices are too high for the portion,0.999,"[{""aspect"": ""Prices"", ""sentiment"": ""Negative""}]"
FB1082,2026-06-05,canteen ka food achha nahi hai yaar,Uploaded CSV,Negative,0.9246,Frustration,"[""Canteen Ka Food"", ""Nahi""]","[""canteen ka food"", ""nahi""]",canteen ka food achha nahi hai yaar,0.9246,"[{""aspect"": ""Canteen Ka"", ""sentiment"": ""Negative""}]"
FB1083,2026-07-18,notes  are  useful but examples are missing,Uploaded CSV,Mixed,0.9976,Concern,"[""Notes"", ""Examples""]","[""notes"", ""examples"", ""missing"", ""useful""]",notes are useful but examples are missing,0.9976,"[{""aspect"": ""Notes Useful"", ""sentiment"": ""Positive""}, {""aspect"": ""Examples Missing"", ""sentiment"": ""Negative""}]"
FB1084,2026-08-05,teaching quality is actually great,Uploaded CSV,Positive,0.9999,Satisfaction,"[""Teaching Quality""]","[""teaching quality""]",teaching quality is actually great,0.9999,"[{""aspect"": ""Teaching Quality"", ""sentiment"": ""Positive""}]"
FB1085,2026-09-20,washroom cleaning is much better now,Uploaded CSV,Positive,0.9696,Satisfaction,"[""Washroom Cleaning"", ""Now""]","[""washroom cleaning"", ""now""]",washroom cleaning is much better now,0.9696,"[{""aspect"": ""Washroom Cleaning"", ""sentiment"": ""Positive""}]"
FB1086,2026-12-06,Wi-Fi is sooo slow in the evening 😡,Uploaded CSV,Negative,0.9983,Anger,"[""Wi-Fi"", ""Evening""]","[""sooo slow"", ""wi-fi"", ""evening""]",Wi-Fi is sooo slow in the evening 😡,0.9983,"[{""aspect"": ""Wi-Fi Sooo"", ""sentiment"": ""Negative""}]"
FB1087,2026-09-02,library staff is helpful,Uploaded CSV,Positive,0.9997,Joy,"[""Library Staff""]","[""library staff""]",library staff is helpful,0.9997,"[{""aspect"": ""Library Staff"", ""sentiment"": ""Positive""}]"
FB1088,2026-08-14,lab bahut crowded hai during practicals,Uploaded CSV,Negative,0.9913,Frustration,"[""Lab Bahut Crowded"", ""Practicals""]","[""lab bahut crowded"", ""practicals""]",lab bahut crowded hai during practicals,0.9913,"[{""aspect"": ""Lab Bahut"", ""sentiment"": ""Negative""}]"
FB1089,2026-07-16,food quality has improved 👍,Uploaded CSV,Positive,0.9996,Joy,"[""Food Quality"", ""Improved""]","[""food quality"", ""improved""]",food quality has improved 👍,0.9996,"[{""aspect"": ""Food Quality"", ""sentiment"": ""Positive""}]"
FB1090,2026-08-05,"books  are good, but the AC is too cold",Uploaded CSV,Mixed,0.9972,Concern,"[""Books"", ""Ac""]","[""books"", ""ac"", ""cold""]","books are good, but the AC is too cold",0.9972,"[{""aspect"": ""Books"", ""sentiment"": ""Positive""}, {""aspect"": ""Ac Cold"", ""sentiment"": ""Negative""}]"
FB1091,2026-09-02,companies were actually good this year,Uploaded CSV,Positive,0.9999,Satisfaction,"[""Year"", ""Companies""]","[""year"", ""companies""]",companies were actually good this year,0.9999,"[{""aspect"": ""Companies Year"", ""sentiment"": ""Positive""}]"
FB1092,2026-04-07,forms are not clear at all,Uploaded CSV,Negative,0.9997,Frustration,"[""Forms"", ""Clear""]","[""forms"", ""clear"", ""all""]",forms are not clear at all,0.9997,"[{""aspect"": ""Forms Clear"", ""sentiment"": ""Negative""}]"
FB1093,2026-06-10,canteen ka food achha nahi hai yaar,Uploaded CSV,Negative,0.9246,Frustration,"[""Canteen Ka Food"", ""Nahi""]","[""canteen ka food"", ""nahi""]",canteen ka food achha nahi hai yaar,0.9246,"[{""aspect"": ""Canteen Ka"", ""sentiment"": ""Negative""}]"
FB1094,2026-06-20,not enough working PCs,Uploaded CSV,Negative,0.9997,Frustration,"[""Pcs""]","[""pcs""]",not enough working PCs,0.9997,"[{""aspect"": ""Working Pcs"", ""sentiment"": ""Negative""}]"
FB1095,2026-07-23,lift doesnt work sometimes,Uploaded CSV,Negative,0.9955,Frustration,"[""Lift""]","[""lift""]",lift doesnt work sometimes,0.9955,"[{""aspect"": ""Lift"", ""sentiment"": ""Negative""}]"
FB1096,2026-01-07,lift doesnt work sometimes,Uploaded CSV,Negative,0.9955,Frustration,"[""Lift""]","[""lift""]",lift doesnt work sometimes,0.9955,"[{""aspect"": ""Lift"", ""sentiment"": ""Negative""}]"
FB1097,2026-09-03,some teachers are helpful but lectures feel rushed ,Uploaded CSV,Negative,0.997,Frustration,"[""Teachers"", ""Rushed""]","[""teachers"", ""rushed"", ""lectures""]",some teachers are helpful but lectures feel rushed,0.997,"[{""aspect"": ""Some Teachers"", ""sentiment"": ""Positive""}, {""aspect"": ""Lectures Feel"", ""sentiment"": ""Negative""}]"
FB1098,2026-08-13,internet keeps disconnecting every few mins,Uploaded CSV,Negative,0.998,Frustration,"[""Disconnecting Every"", ""Internet""]","[""disconnecting every"", ""internet"", ""mins""]",internet keeps disconnecting every few mins,0.998,"[{""aspect"": ""Internet Keeps"", ""sentiment"": ""Negative""}]"
FB1099,2026-06-05,prices are too high for the portion,Uploaded CSV,Negative,0.999,Frustration,"[""Portion"", ""Prices""]","[""portion"", ""prices"", ""high""]",prices are too high for the portion,0.999,"[{""aspect"": ""Prices"", ""sentiment"": ""Negative""}]"
FB1100,2026-09-26,canteen food is bad :(,Uploaded CSV,Negative,0.9997,Frustration,"[""Canteen Food""]","[""canteen food""]",canteen food is bad :(,0.9997,"[{""aspect"": ""Canteen Food"", ""sentiment"": ""Negative""}]"
FB1101,2026-12-07,food quality has improved 👍,Uploaded CSV,Positive,0.9996,Joy,"[""Food Quality"", ""Improved""]","[""food quality"", ""improved""]",food quality has improved 👍,0.9996,"[{""aspect"": ""Food Quality"", ""sentiment"": ""Positive""}]"
FB1102,2026-09-03,campus wifi is actually decent,Uploaded CSV,Positive,0.9996,Satisfaction,"[""Campus Wifi""]","[""campus wifi""]",campus wifi is actually decent,0.9996,"[{""aspect"": ""Campus Wifi"", ""sentiment"": ""Positive""}]"
FB1103,2026-09-20,documents were processed quickly :),Uploaded CSV,Negative,0.9885,Frustration,"[""Processed Quickly"", ""Documents""]","[""processed quickly"", ""documents""]",documents were processed quickly :),0.9885,"[{""aspect"": ""Documents Processed"", ""sentiment"": ""Negative""}]"
FB1104,2026-08-15,admin  replies  very late,Uploaded CSV,Negative,0.9977,Frustration,"[""Admin Replies""]","[""admin replies"", ""late""]",admin replies very late,0.9977,"[{""aspect"": ""Admin Replies"", ""sentiment"": ""Negative""}]"
FB1105,2026-08-04,prices are too high for the portion,Uploaded CSV,Negative,0.999,Frustration,"[""Portion"", ""Prices""]","[""portion"", ""prices"", ""high""]",prices are too high for the portion,0.999,"[{""aspect"": ""Prices"", ""sentiment"": ""Negative""}]"
FB1106,2026-09-03,not enough working PCs,Uploaded CSV,Negative,0.9997,Frustration,"[""Pcs""]","[""pcs""]",not enough working PCs,0.9997,"[{""aspect"": ""Working Pcs"", ""sentiment"": ""Negative""}]"
FB1107,2026-09-03,documents were processed quickly :),Uploaded CSV,Negative,0.9885,Frustration,"[""Processed Quickly"", ""Documents""]","[""processed quickly"", ""documents""]",documents were processed quickly :),0.9885,"[{""aspect"": ""Documents Processed"", ""sentiment"": ""Negative""}]"
FB1108,2026-06-03,too many last minute changes in placement schedule,Uploaded CSV,Negative,0.9995,Frustration,"[""Last Minute Changes"", ""Placement Schedule""]","[""last minute changes"", ""placement schedule""]",too many last minute changes in placement schedule,0.9995,"[{""aspect"": ""Last Minute Changes Placement Schedule"", ""sentiment"": ""Negative""}]"
FB1109,2026-08-16,faculty is sooo goooddddd :D,Uploaded CSV,Negative,0.9941,Frustration,"[""Sooo Goooddddd"", ""Faculty""]","[""sooo goooddddd"", ""faculty""]",faculty is sooo goooddddd :D,0.9941,"[{""aspect"": ""Faculty Sooo"", ""sentiment"": ""Negative""}]"
FB1110,2026-09-20,Love the library :) but there are hardly any seats,Uploaded CSV,Mixed,0.99,Concern,"[""Hardly Any Seats"", ""Love""]","[""hardly any seats"", ""love"", ""there"", ""library""]",Love the library :) but there are hardly any seats,0.99,"[{""aspect"": ""Love Library"", ""sentiment"": ""Positive""}, {""aspect"": ""There Hardly"", ""sentiment"": ""Neutral""}]"
FB1111,2026-09-03,library is great but closes too early,Uploaded CSV,Negative,0.9929,Frustration,"[""Library""]","[""early"", ""library""]",library is great but closes too early,0.9929,"[{""aspect"": ""Library"", ""sentiment"": ""Positive""}, {""aspect"": ""Closes Early"", ""sentiment"": ""Negative""}]"
FB1112,2026-09-03,net is fine in the morning but terrible later 👍,Uploaded CSV,Mixed,0.9919,Concern,"[""Net"", ""Morning""]","[""net"", ""morning"", ""later""]",net is fine in the morning but terrible later 👍,0.9919,"[{""aspect"": ""Net Morning"", ""sentiment"": ""Positive""}, {""aspect"": ""Later"", ""sentiment"": ""Negative""}]"
FB1113,2026-09-10,net  is  fine in the morning but terrible later,Uploaded CSV,Mixed,0.9912,Concern,"[""Net"", ""Morning""]","[""net"", ""morning"", ""later""]",net is fine in the morning but terrible later,0.9912,"[{""aspect"": ""Net Morning"", ""sentiment"": ""Positive""}, {""aspect"": ""Later"", ""sentiment"": ""Negative""}]"
FB1114,2026-09-02,companies were actually good this year,Uploaded CSV,Positive,0.9999,Satisfaction,"[""Year"", ""Companies""]","[""year"", ""companies""]",companies were actually good this year,0.9999,"[{""aspect"": ""Companies Year"", ""sentiment"": ""Positive""}]"
FB1115,2026-07-31,the library timings are not enough for evening study,Uploaded CSV,Negative,0.9995,Frustration,"[""Evening Study"", ""Library Timings""]","[""evening study"", ""library timings""]",the library timings are not enough for evening study,0.9995,"[{""aspect"": ""Library Timings"", ""sentiment"": ""Negative""}]"
FB1116,2026-09-03,faculty explains concepts really well :) btw,Uploaded CSV,Positive,0.9947,Satisfaction,"[""Faculty Explains Concepts"", ""Btw""]","[""faculty explains concepts"", ""btw""]",faculty explains concepts really well :) btw,0.9947,"[{""aspect"": ""Faculty Explains"", ""sentiment"": ""Positive""}]"
FB1117,2026-04-08,not enough working PCs,Uploaded CSV,Negative,0.9997,Frustration,"[""Pcs""]","[""pcs""]",not enough working PCs,0.9997,"[{""aspect"": ""Working Pcs"", ""sentiment"": ""Negative""}]"
FB1118,2026-08-23,wifi barely works in block B :),Uploaded CSV,Negative,0.9995,Frustration,"[""Block"", ""Wi-Fi""]","[""wifi barely"", ""block""]",wifi barely works in block B :),0.9995,"[{""aspect"": ""Wifi"", ""sentiment"": ""Negative""}]"
FB1119,2026-06-19,"classes are okay, nothing special",Uploaded CSV,Negative,0.9397,Frustration,"[""Nothing Special"", ""Classes""]","[""nothing special"", ""classes""]","classes are okay, nothing special",0.9397,"[{""aspect"": ""Classes Nothing"", ""sentiment"": ""Negative""}]"
FB1120,2026-07-03,placement cell is helpful but communication is slow,Uploaded CSV,Negative,0.9976,Frustration,"[""Placement Cell"", ""Communication""]","[""placement cell"", ""communication"", ""slow""]",placement cell is helpful but communication is slow,0.9976,"[{""aspect"": ""Placement Cell"", ""sentiment"": ""Positive""}, {""aspect"": ""Communication"", ""sentiment"": ""Negative""}]"
FB1121,2026-06-06,not enough interview rooms,Uploaded CSV,Negative,0.9994,Frustration,"[""Interview Rooms""]","[""interview rooms""]",not enough interview rooms,0.9994,"[{""aspect"": ""Interview Rooms"", ""sentiment"": ""Negative""}]"
FB1122,2026-09-04,placements  look  better this semester 👍,Uploaded CSV,Negative,0.9833,Frustration,"[""Placements"", ""Semester""]","[""placements"", ""semester""]",placements look better this semester 👍,0.9833,"[{""aspect"": ""Placements Look"", ""sentiment"": ""Negative""}]"
FB1123,2026-08-13,parking  is  a mess during peak hours,Uploaded CSV,Negative,0.9998,Frustration,"[""Peak Hours"", ""Parking""]","[""peak hours"", ""parking"", ""mess""]",parking is a mess during peak hours,0.9998,"[{""aspect"": ""Parking Mess"", ""sentiment"": ""Negative""}]"
FB1124,2026-09-17,washroom cleaning is much better now,Uploaded CSV,Positive,0.9696,Satisfaction,"[""Washroom Cleaning"", ""Now""]","[""washroom cleaning"", ""now""]",washroom cleaning is much better now,0.9696,"[{""aspect"": ""Washroom Cleaning"", ""sentiment"": ""Positive""}]"
FB1125,2026-06-12,library  staff is helpful,Uploaded CSV,Positive,0.9997,Joy,"[""Library Staff""]","[""library staff""]",library staff is helpful,0.9997,"[{""aspect"": ""Library Staff"", ""sentiment"": ""Positive""}]"
FB1126,2026-11-08,faculty is sooo goooddddd :D,Uploaded CSV,Negative,0.9941,Frustration,"[""Sooo Goooddddd"", ""Faculty""]","[""sooo goooddddd"", ""faculty""]",faculty is sooo goooddddd :D,0.9941,"[{""aspect"": ""Faculty Sooo"", ""sentiment"": ""Negative""}]"
FB1127,2026-09-04,Network dies during online tests!!!,Uploaded CSV,Negative,0.9998,Frustration,"[""Online Tests"", ""Network""]","[""network dies"", ""online tests""]",Network dies during online tests!!!,0.9998,"[{""aspect"": ""Network"", ""sentiment"": ""Negative""}]"
FB1128,2026-07-31,wifi barely works in block B,Uploaded CSV,Negative,0.9994,Frustration,"[""Block"", ""Wi-Fi""]","[""wifi barely"", ""block""]",wifi barely works in block B,0.9994,"[{""aspect"": ""Wifi"", ""sentiment"": ""Negative""}]"
FB1129,2026-06-28,placement updates are very late tbh,Uploaded CSV,Negative,0.9989,Frustration,"[""Placement Updates""]","[""placement updates"", ""late""]",placement updates are very late tbh,0.9989,"[{""aspect"": ""Placement Updates"", ""sentiment"": ""Negative""}]"
FB1130,2026-08-31,lift doesnt work sometimes,Uploaded CSV,Negative,0.9955,Frustration,"[""Lift""]","[""lift""]",lift doesnt work sometimes,0.9955,"[{""aspect"": ""Lift"", ""sentiment"": ""Negative""}]"
FB1131,2026-06-07,too many last minute changes in placement schedule,Uploaded CSV,Negative,0.9995,Frustration,"[""Last Minute Changes"", ""Placement Schedule""]","[""last minute changes"", ""placement schedule""]",too many last minute changes in placement schedule,0.9995,"[{""aspect"": ""Last Minute Changes Placement Schedule"", ""sentiment"": ""Negative""}]"
FB1132,2026-08-05,PCs are fine now 👍,Uploaded CSV,Positive,0.9981,Satisfaction,"[""Now"", ""Pcs""]","[""now"", ""pcs""]",PCs are fine now 👍,0.9981,"[{""aspect"": ""Pcs Now"", ""sentiment"": ""Positive""}]"
FB1133,2026-09-17,canteen ka food achha nahi hai yaar,Uploaded CSV,Negative,0.9246,Frustration,"[""Canteen Ka Food"", ""Nahi""]","[""canteen ka food"", ""nahi""]",canteen ka food achha nahi hai yaar,0.9246,"[{""aspect"": ""Canteen Ka"", ""sentiment"": ""Negative""}]"
FB1134,2026-08-15,not enough working PCs,Uploaded CSV,Negative,0.9997,Frustration,"[""Pcs""]","[""pcs""]",not enough working PCs,0.9997,"[{""aspect"": ""Working Pcs"", ""sentiment"": ""Negative""}]"
FB1135,2026-07-16,some teachers are helpful but lectures feel rushed,Uploaded CSV,Negative,0.997,Frustration,"[""Teachers"", ""Rushed""]","[""teachers"", ""rushed"", ""lectures""]",some teachers are helpful but lectures feel rushed,0.997,"[{""aspect"": ""Some Teachers"", ""sentiment"": ""Positive""}, {""aspect"": ""Lectures Feel"", ""sentiment"": ""Negative""}]"
FB1136,2026-12-05,teaching quality is actually great,Uploaded CSV,Positive,0.9999,Satisfaction,"[""Teaching Quality""]","[""teaching quality""]",teaching quality is actually great,0.9999,"[{""aspect"": ""Teaching Quality"", ""sentiment"": ""Positive""}]"
FB1137,2026-09-04,lab bahut crowded hai during practicals,Uploaded CSV,Negative,0.9913,Frustration,"[""Lab Bahut Crowded"", ""Practicals""]","[""lab bahut crowded"", ""practicals""]",lab bahut crowded hai during practicals,0.9913,"[{""aspect"": ""Lab Bahut"", ""sentiment"": ""Negative""}]"
FB1138,2026-08-06,too many last minute changes in placement schedule,Uploaded CSV,Negative,0.9995,Frustration,"[""Last Minute Changes"", ""Placement Schedule""]","[""last minute changes"", ""placement schedule""]",too many last minute changes in placement schedule,0.9995,"[{""aspect"": ""Last Minute Changes Placement Schedule"", ""sentiment"": ""Negative""}]"
FB1139,2026-08-09,wifi barely works in block B,Uploaded CSV,Negative,0.9994,Frustration,"[""Block"", ""Wi-Fi""]","[""wifi barely"", ""block""]",wifi barely works in block B,0.9994,"[{""aspect"": ""Wifi"", ""sentiment"": ""Negative""}]"
FB1140,2026-09-25,PCs are fine now 👍,Uploaded CSV,Positive,0.9981,Satisfaction,"[""Now"", ""Pcs""]","[""now"", ""pcs""]",PCs are fine now 👍,0.9981,"[{""aspect"": ""Pcs Now"", ""sentiment"": ""Positive""}]"
FB1141,2026-06-06,building looks nice but the lift is always broken,Uploaded CSV,Mixed,0.9982,Concern,"[""Always Broken"", ""Building""]","[""always broken"", ""building"", ""nice"", ""lift""]",building looks nice but the lift is always broken,0.9982,"[{""aspect"": ""Building Looks"", ""sentiment"": ""Positive""}, {""aspect"": ""Lift Always"", ""sentiment"": ""Negative""}]"
FB1142,2026-09-04,professor doesnt explain doubts properly,Uploaded CSV,Negative,0.9997,Frustration,"[""Explain Doubts Properly"", ""Professor""]","[""explain doubts properly"", ""professor""]",professor doesnt explain doubts properly,0.9997,"[{""aspect"": ""Professor Doesnt"", ""sentiment"": ""Negative""}]"
FB1143,2026-08-04,campus wifi is actually decent,Uploaded CSV,Positive,0.9996,Satisfaction,"[""Campus Wifi""]","[""campus wifi""]",campus wifi is actually decent,0.9996,"[{""aspect"": ""Campus Wifi"", ""sentiment"": ""Positive""}]"
FB1144,2026-07-07,"books are good, but the AC is too cold",Uploaded CSV,Mixed,0.9972,Concern,"[""Books"", ""Ac""]","[""books"", ""ac"", ""cold""]","books are good, but the AC is too cold",0.9972,"[{""aspect"": ""Books"", ""sentiment"": ""Positive""}, {""aspect"": ""Ac Cold"", ""sentiment"": ""Negative""}]"
FB1145,2026-07-02,lift doesnt work sometimes,Uploaded CSV,Negative,0.9955,Frustration,"[""Lift""]","[""lift""]",lift doesnt work sometimes,0.9955,"[{""aspect"": ""Lift"", ""sentiment"": ""Negative""}]"
FB1146,2026-12-07,PCs are fine now 👍,Uploaded CSV,Positive,0.9981,Satisfaction,"[""Now"", ""Pcs""]","[""now"", ""pcs""]",PCs are fine now 👍,0.9981,"[{""aspect"": ""Pcs Now"", ""sentiment"": ""Positive""}]"
FB1147,2026-08-08,forms  are  not clear at all,Uploaded CSV,Negative,0.9997,Frustration,"[""Forms"", ""Clear""]","[""forms"", ""clear"", ""all""]",forms are not clear at all,0.9997,"[{""aspect"": ""Forms Clear"", ""sentiment"": ""Negative""}]"
FB1148,2026-08-01,office staff is helpful but the queue is too long,Uploaded CSV,Negative,0.9992,Frustration,"[""Office Staff"", ""Queue""]","[""office staff"", ""queue"", ""long""]",office staff is helpful but the queue is too long,0.9992,"[{""aspect"": ""Office Staff"", ""sentiment"": ""Positive""}, {""aspect"": ""Queue Long"", ""sentiment"": ""Negative""}]"
FB1149,2026-08-20,library is quiet and useful,Uploaded CSV,Positive,0.9992,Joy,"[""Quiet"", ""Useful""]","[""quiet"", ""useful"", ""library""]",library is quiet and useful,0.9992,"[{""aspect"": ""Library Quiet"", ""sentiment"": ""Positive""}]"
FB1150,2026-07-22,professor doesnt explain doubts properly,Uploaded CSV,Negative,0.9997,Frustration,"[""Explain Doubts Properly"", ""Professor""]","[""explain doubts properly"", ""professor""]",professor doesnt explain doubts properly,0.9997,"[{""aspect"": ""Professor Doesnt"", ""sentiment"": ""Negative""}]"
FB1151,2026-04-06,washrooms need better maintenance,Uploaded CSV,Negative,0.9985,Frustration,"[""Washrooms""]","[""washrooms"", ""maintenance""]",washrooms need better maintenance,0.9985,"[{""aspect"": ""Washrooms"", ""sentiment"": ""Negative""}]"
FB1152,2026-09-05,sir was really good!!!,Uploaded CSV,Positive,0.9999,Satisfaction,"[""Sir""]","[""sir""]",sir was really good!!!,0.9999,"[{""aspect"": ""Sir"", ""sentiment"": ""Positive""}]"
FB1153,2026-06-23,lift doesnt work sometimes,Uploaded CSV,Negative,0.9955,Frustration,"[""Lift""]","[""lift""]",lift doesnt work sometimes,0.9955,"[{""aspect"": ""Lift"", ""sentiment"": ""Negative""}]"
FB1154,2026-09-22,registration process is confusing,Uploaded CSV,Negative,0.9992,Frustration,"[""Registration Process""]","[""registration process"", ""confusing""]",registration process is confusing,0.9992,"[{""aspect"": ""Registration Process"", ""sentiment"": ""Negative""}]"
FB1155,2026-08-26,not enough working PCs,Uploaded CSV,Negative,0.9997,Frustration,"[""Pcs""]","[""pcs""]",not enough working PCs,0.9997,"[{""aspect"": ""Working Pcs"", ""sentiment"": ""Negative""}]"
FB1156,2026-01-06,notes are useful but examples are missing,Uploaded CSV,Mixed,0.9976,Concern,"[""Notes"", ""Examples""]","[""notes"", ""examples"", ""missing"", ""useful""]",notes are useful but examples are missing,0.9976,"[{""aspect"": ""Notes Useful"", ""sentiment"": ""Positive""}, {""aspect"": ""Examples Missing"", ""sentiment"": ""Negative""}]"
FB1157,2026-09-05,sir  was really good!!!,Uploaded CSV,Positive,0.9999,Satisfaction,"[""Sir""]","[""sir""]",sir was really good!!!,0.9999,"[{""aspect"": ""Sir"", ""sentiment"": ""Positive""}]"
FB1158,2026-06-14,"classes are okay, nothing special",Uploaded CSV,Negative,0.9397,Frustration,"[""Nothing Special"", ""Classes""]","[""nothing special"", ""classes""]","classes are okay, nothing special",0.9397,"[{""aspect"": ""Classes Nothing"", ""sentiment"": ""Negative""}]"
FB1159,2026-08-23,library is great but closes too early,Uploaded CSV,Negative,0.9929,Frustration,"[""Library""]","[""early"", ""library""]",library is great but closes too early,0.9929,"[{""aspect"": ""Library"", ""sentiment"": ""Positive""}, {""aspect"": ""Closes Early"", ""sentiment"": ""Negative""}]"
FB1160,2026-09-17,documents were processed quickly :),Uploaded CSV,Negative,0.9885,Frustration,"[""Processed Quickly"", ""Documents""]","[""processed quickly"", ""documents""]",documents were processed quickly :),0.9885,"[{""aspect"": ""Documents Processed"", ""sentiment"": ""Negative""}]"
FB1161,2026-11-06,wifi bahut slow hai yaar 😭,Uploaded CSV,Negative,0.9906,Frustration,"[""Wifi Bahut""]","[""wifi bahut slow""]",wifi bahut slow hai yaar 😭,0.9906,"[{""aspect"": ""Wifi Bahut"", ""sentiment"": ""Negative""}]"
FB1162,2026-02-07,documents were processed quickly :),Uploaded CSV,Negative,0.9885,Frustration,"[""Processed Quickly"", ""Documents""]","[""processed quickly"", ""documents""]",documents were processed quickly :),0.9885,"[{""aspect"": ""Documents Processed"", ""sentiment"": ""Negative""}]"
FB1163,2026-09-05,canteen is clean but food quality needs work,Uploaded CSV,Negative,0.9558,Frustration,"[""Food Quality"", ""Clean""]","[""food quality"", ""clean"", ""canteen""]",canteen is clean but food quality needs work,0.9558,"[{""aspect"": ""Canteen Clean"", ""sentiment"": ""Positive""}, {""aspect"": ""Food Quality"", ""sentiment"": ""Negative""}]"
FB1164,2026-07-31,canteen food is bad :(  :),Uploaded CSV,Negative,0.9997,Frustration,"[""Canteen Food""]","[""canteen food""]",canteen food is bad :( :),0.9997,"[{""aspect"": ""Canteen Food"", ""sentiment"": ""Negative""}]"
FB1165,2026-08-26,WiFi is not good after 6pm :(,Uploaded CSV,Negative,0.9997,Frustration,"[""After 6Pm"", ""Wi-Fi""]","[""after 6pm"", ""wifi""]",WiFi is not good after 6pm :(,0.9997,"[{""aspect"": ""Wifi After"", ""sentiment"": ""Negative""}]"
FB1166,2026-09-05,canteen ka food achha nahi hai yaar,Uploaded CSV,Negative,0.9246,Frustration,"[""Canteen Ka Food"", ""Nahi""]","[""canteen ka food"", ""nahi""]",canteen ka food achha nahi hai yaar,0.9246,"[{""aspect"": ""Canteen Ka"", ""sentiment"": ""Negative""}]"
FB1167,2026-02-05,registration process is confusing,Uploaded CSV,Negative,0.9992,Frustration,"[""Registration Process""]","[""registration process"", ""confusing""]",registration process is confusing,0.9992,"[{""aspect"": ""Registration Process"", ""sentiment"": ""Negative""}]"
FB1168,2026-07-12,faculty is sooo goooddddd :D,Uploaded CSV,Negative,0.9941,Frustration,"[""Sooo Goooddddd"", ""Faculty""]","[""sooo goooddddd"", ""faculty""]",faculty is sooo goooddddd :D,0.9941,"[{""aspect"": ""Faculty Sooo"", ""sentiment"": ""Negative""}]"
FB1169,2026-06-30,new  classrooms  are really good!,Uploaded CSV,Positive,0.9999,Satisfaction,"[""New Classrooms""]","[""new classrooms""]",new classrooms are really good!,0.9999,"[{""aspect"": ""New Classrooms"", ""sentiment"": ""Positive""}]"
FB1170,2026-07-13,lab is good but half the machines are dead,Uploaded CSV,Mixed,0.9944,Concern,"[""Half"", ""Machines""]","[""half"", ""machines"", ""dead"", ""lab""]",lab is good but half the machines are dead,0.9944,"[{""aspect"": ""Lab"", ""sentiment"": ""Positive""}, {""aspect"": ""Half Machines"", ""sentiment"": ""Negative""}]"
FB1171,2026-09-05,classrooms are clean and comfortable 😭,Uploaded CSV,Positive,0.9997,Frustration,"[""New Classrooms"", ""Clean""]","[""classrooms"", ""clean""]",classrooms are clean and comfortable 😭,0.9997,"[{""aspect"": ""Classrooms Clean"", ""sentiment"": ""Positive""}]"
FB1172,2026-06-06,building looks nice but the lift is always broken,Uploaded CSV,Mixed,0.9982,Concern,"[""Always Broken"", ""Building""]","[""always broken"", ""building"", ""nice"", ""lift""]",building looks nice but the lift is always broken,0.9982,"[{""aspect"": ""Building Looks"", ""sentiment"": ""Positive""}, {""aspect"": ""Lift Always"", ""sentiment"": ""Negative""}]"
FB1173,2026-08-13,admin replies very late,Uploaded CSV,Negative,0.9977,Frustration,"[""Admin Replies""]","[""admin replies"", ""late""]",admin replies very late,0.9977,"[{""aspect"": ""Admin Replies"", ""sentiment"": ""Negative""}]"
FB1174,2026-09-10,faculty explains concepts really well :),Uploaded CSV,Positive,0.9993,Satisfaction,"[""Faculty Explains Concepts""]","[""faculty explains concepts""]",faculty explains concepts really well :),0.9993,"[{""aspect"": ""Faculty Explains"", ""sentiment"": ""Positive""}]"
FB1175,2026-06-25,faculty is sooo goooddddd :D,Uploaded CSV,Negative,0.9941,Frustration,"[""Sooo Goooddddd"", ""Faculty""]","[""sooo goooddddd"", ""faculty""]",faculty is sooo goooddddd :D,0.9941,"[{""aspect"": ""Faculty Sooo"", ""sentiment"": ""Negative""}]"
FB1176,2026-09-06,prices are too high for the portion,Uploaded CSV,Negative,0.999,Frustration,"[""Portion"", ""Prices""]","[""portion"", ""prices"", ""high""]",prices are too high for the portion,0.999,"[{""aspect"": ""Prices"", ""sentiment"": ""Negative""}]"
FB1177,2026-09-06,too many last minute changes in placement schedule,Uploaded CSV,Negative,0.9995,Frustration,"[""Last Minute Changes"", ""Placement Schedule""]","[""last minute changes"", ""placement schedule""]",too many last minute changes in placement schedule,0.9995,"[{""aspect"": ""Last Minute Changes Placement Schedule"", ""sentiment"": ""Negative""}]"
FB1178,2026-09-18,parking is a mess during peak hours btw,Uploaded CSV,Negative,0.9998,Frustration,"[""Peak Hours"", ""Parking""]","[""peak hours btw"", ""parking"", ""mess""]",parking is a mess during peak hours btw,0.9998,"[{""aspect"": ""Parking Mess"", ""sentiment"": ""Negative""}]"
FB1179,2026-06-20,net is fine in the morning but terrible later,Uploaded CSV,Mixed,0.9912,Concern,"[""Net"", ""Morning""]","[""net"", ""morning"", ""later""]",net is fine in the morning but terrible later,0.9912,"[{""aspect"": ""Net Morning"", ""sentiment"": ""Positive""}, {""aspect"": ""Later"", ""sentiment"": ""Negative""}]"
FB1180,2026-07-30,internet keeps disconnecting every few mins,Uploaded CSV,Negative,0.998,Frustration,"[""Disconnecting Every"", ""Internet""]","[""disconnecting every"", ""internet"", ""mins""]",internet keeps disconnecting every few mins,0.998,"[{""aspect"": ""Internet Keeps"", ""sentiment"": ""Negative""}]"
FB1181,2026-04-06,the library timings are not enough for evening study,Uploaded CSV,Negative,0.9995,Frustration,"[""Evening Study"", ""Library Timings""]","[""evening study"", ""library timings""]",the library timings are not enough for evening study,0.9995,"[{""aspect"": ""Library Timings"", ""sentiment"": ""Negative""}]"
FB1182,2026-09-06,building looks nice but the lift is always broken,Uploaded CSV,Mixed,0.9982,Concern,"[""Always Broken"", ""Building""]","[""always broken"", ""building"", ""nice"", ""lift""]",building looks nice but the lift is always broken,0.9982,"[{""aspect"": ""Building Looks"", ""sentiment"": ""Positive""}, {""aspect"": ""Lift Always"", ""sentiment"": ""Negative""}]"
FB1183,2026-06-16,projector wasnt working in class,Uploaded CSV,Negative,0.9982,Frustration,"[""Projector"", ""Classes""]","[""projector"", ""class""]",projector wasnt working in class,0.9982,"[{""aspect"": ""Projector"", ""sentiment"": ""Negative""}]"
FB1184,2026-08-22,fans are too slow in the afternoon,Uploaded CSV,Negative,0.9974,Frustration,"[""Fans"", ""Afternoon""]","[""fans"", ""afternoon"", ""slow""]",fans are too slow in the afternoon,0.9974,"[{""aspect"": ""Fans"", ""sentiment"": ""Negative""}]"
FB1185,2026-08-25,canteen is clean but food quality needs work,Uploaded CSV,Negative,0.9558,Frustration,"[""Food Quality"", ""Clean""]","[""food quality"", ""clean"", ""canteen""]",canteen is clean but food quality needs work,0.9558,"[{""aspect"": ""Canteen Clean"", ""sentiment"": ""Positive""}, {""aspect"": ""Food Quality"", ""sentiment"": ""Negative""}]"
FB1186,2026-09-06,forms are not clear at all,Uploaded CSV,Negative,0.9997,Frustration,"[""Forms"", ""Clear""]","[""forms"", ""clear"", ""all""]",forms are not clear at all,0.9997,"[{""aspect"": ""Forms Clear"", ""sentiment"": ""Negative""}]"
FB1187,2026-09-06,the library timings are not enough for evening study,Uploaded CSV,Negative,0.9995,Frustration,"[""Evening Study"", ""Library Timings""]","[""evening study"", ""library timings""]",the library timings are not enough for evening study,0.9995,"[{""aspect"": ""Library Timings"", ""sentiment"": ""Negative""}]"
FB1188,2026-09-27,prices are too high for the portion,Uploaded CSV,Negative,0.999,Frustration,"[""Portion"", ""Prices""]","[""portion"", ""prices"", ""high""]",prices are too high for the portion,0.999,"[{""aspect"": ""Prices"", ""sentiment"": ""Negative""}]"
FB1189,2026-08-12,washroom cleaning is much better now,Uploaded CSV,Positive,0.9696,Satisfaction,"[""Washroom Cleaning"", ""Now""]","[""washroom cleaning"", ""now""]",washroom cleaning is much better now,0.9696,"[{""aspect"": ""Washroom Cleaning"", ""sentiment"": ""Positive""}]"
FB1190,2026-06-10,placements look better this semester 👍,Uploaded CSV,Negative,0.9833,Frustration,"[""Placements"", ""Semester""]","[""placements"", ""semester""]",placements look better this semester 👍,0.9833,"[{""aspect"": ""Placements Look"", ""sentiment"": ""Negative""}]"
FB1191,2026-09-06,chai  is  good but lunch is sooo expensive,Uploaded CSV,Mixed,0.8008,Concern,"[""Sooo Expensive"", ""Chai""]","[""sooo expensive"", ""chai"", ""lunch""]",chai is good but lunch is sooo expensive,0.8008,"[{""aspect"": ""Chai"", ""sentiment"": ""Positive""}, {""aspect"": ""Lunch Sooo"", ""sentiment"": ""Negative""}]"
FB1192,2026-05-06,PCs  are  fine now 👍,Uploaded CSV,Positive,0.9981,Satisfaction,"[""Now"", ""Pcs""]","[""now"", ""pcs""]",PCs are fine now 👍,0.9981,"[{""aspect"": ""Pcs Now"", ""sentiment"": ""Positive""}]"
FB1193,2026-07-17,forms are not clear at all,Uploaded CSV,Negative,0.9997,Frustration,"[""Forms"", ""Clear""]","[""forms"", ""clear"", ""all""]",forms are not clear at all,0.9997,"[{""aspect"": ""Forms Clear"", ""sentiment"": ""Negative""}]"
FB1194,2026-09-17,fees payment was smooth this time,Uploaded CSV,Neutral,0.5813,Neutral,"[""Fees Payment"", ""Smooth""]","[""fees payment"", ""smooth"", ""time""]",fees payment was smooth this time,0.5813,"[{""aspect"": ""Fees Payment"", ""sentiment"": ""Neutral""}]"
FB1195,2026-08-23,Network dies during online tests!!!,Uploaded CSV,Negative,0.9998,Frustration,"[""Online Tests"", ""Network""]","[""network dies"", ""online tests""]",Network dies during online tests!!!,0.9998,"[{""aspect"": ""Network"", ""sentiment"": ""Negative""}]"
FB1196,2026-11-05,PCs are fine now 👍,Uploaded CSV,Positive,0.9981,Satisfaction,"[""Now"", ""Pcs""]","[""now"", ""pcs""]",PCs are fine now 👍,0.9981,"[{""aspect"": ""Pcs Now"", ""sentiment"": ""Positive""}]"
FB1197,2026-09-06,some teachers are helpful but lectures feel rushed,Uploaded CSV,Negative,0.997,Frustration,"[""Teachers"", ""Rushed""]","[""teachers"", ""rushed"", ""lectures""]",some teachers are helpful but lectures feel rushed,0.997,"[{""aspect"": ""Some Teachers"", ""sentiment"": ""Positive""}, {""aspect"": ""Lectures Feel"", ""sentiment"": ""Negative""}]"
FB1198,2026-06-04,the library timings are not enough for evening study,Uploaded CSV,Negative,0.9995,Frustration,"[""Evening Study"", ""Library Timings""]","[""evening study"", ""library timings""]",the library timings are not enough for evening study,0.9995,"[{""aspect"": ""Library Timings"", ""sentiment"": ""Negative""}]"
FB1199,2026-06-10,not enough interview rooms,Uploaded CSV,Negative,0.9994,Frustration,"[""Interview Rooms""]","[""interview rooms""]",not enough interview rooms,0.9994,"[{""aspect"": ""Interview Rooms"", ""sentiment"": ""Negative""}]"
FB1200,2026-06-10,library is quiet and useful,Uploaded CSV,Positive,0.9992,Joy,"[""Quiet"", ""Useful""]","[""quiet"", ""useful"", ""library""]",library is quiet and useful,0.9992,"[{""aspect"": ""Library Quiet"", ""sentiment"": ""Positive""}]"
